CREATE DATABASE  IF NOT EXISTS `tiendaenlinea` /*!40100 DEFAULT CHARACTER SET utf8 */;
USE `tiendaenlinea`;
-- MySQL dump 10.13  Distrib 5.6.17, for Win32 (x86)
--
-- Host: 127.0.0.1    Database: tiendaenlinea
-- ------------------------------------------------------
-- Server version	5.6.22-log

/*!40101 SET @OLD_CHARACTER_SET_CLIENT=@@CHARACTER_SET_CLIENT */;
/*!40101 SET @OLD_CHARACTER_SET_RESULTS=@@CHARACTER_SET_RESULTS */;
/*!40101 SET @OLD_COLLATION_CONNECTION=@@COLLATION_CONNECTION */;
/*!40101 SET NAMES utf8 */;
/*!40103 SET @OLD_TIME_ZONE=@@TIME_ZONE */;
/*!40103 SET TIME_ZONE='+00:00' */;
/*!40014 SET @OLD_UNIQUE_CHECKS=@@UNIQUE_CHECKS, UNIQUE_CHECKS=0 */;
/*!40014 SET @OLD_FOREIGN_KEY_CHECKS=@@FOREIGN_KEY_CHECKS, FOREIGN_KEY_CHECKS=0 */;
/*!40101 SET @OLD_SQL_MODE=@@SQL_MODE, SQL_MODE='NO_AUTO_VALUE_ON_ZERO' */;
/*!40111 SET @OLD_SQL_NOTES=@@SQL_NOTES, SQL_NOTES=0 */;

--
-- Table structure for table `carritodecompras`
--

DROP TABLE IF EXISTS `carritodecompras`;
/*!40101 SET @saved_cs_client     = @@character_set_client */;
/*!40101 SET character_set_client = utf8 */;
CREATE TABLE `carritodecompras` (
  `idCarritoDeCompras` int(11) NOT NULL AUTO_INCREMENT COMMENT 'Llave primaria de carrito de compras ',
  `subtotal` float NOT NULL COMMENT 'Subtotasl del carrito',
  `precioTotal` float NOT NULL COMMENT 'Precio total del carrito',
  `impuestos` float NOT NULL COMMENT 'Impuestos carritos',
  PRIMARY KEY (`idCarritoDeCompras`)
) ENGINE=InnoDB AUTO_INCREMENT=5 DEFAULT CHARSET=utf8;
/*!40101 SET character_set_client = @saved_cs_client */;

--
-- Dumping data for table `carritodecompras`
--

LOCK TABLES `carritodecompras` WRITE;
/*!40000 ALTER TABLE `carritodecompras` DISABLE KEYS */;
INSERT INTO `carritodecompras` VALUES (1,510000,591600,81600),(2,330000,382800,52800),(3,470000,545200,75200),(4,3100000,3596000,496000);
/*!40000 ALTER TABLE `carritodecompras` ENABLE KEYS */;
UNLOCK TABLES;

--
-- Table structure for table `catalogo`
--

DROP TABLE IF EXISTS `catalogo`;
/*!40101 SET @saved_cs_client     = @@character_set_client */;
/*!40101 SET character_set_client = utf8 */;
CREATE TABLE `catalogo` (
  `idCatalogo` int(11) NOT NULL AUTO_INCREMENT COMMENT 'Llave priamria catalogo',
  `nombreCatalogo` varchar(45) NOT NULL COMMENT 'Nombre Catalogo',
  `descripcion` varchar(500) NOT NULL COMMENT 'Desscripción Catalogo',
  PRIMARY KEY (`idCatalogo`)
) ENGINE=InnoDB AUTO_INCREMENT=2 DEFAULT CHARSET=utf8;
/*!40101 SET character_set_client = @saved_cs_client */;

--
-- Dumping data for table `catalogo`
--

LOCK TABLES `catalogo` WRITE;
/*!40000 ALTER TABLE `catalogo` DISABLE KEYS */;
INSERT INTO `catalogo` VALUES (1,'Catalogo Colombia','Este catalogo muestra los instrumentos que estan disponobles para Colombia');
/*!40000 ALTER TABLE `catalogo` ENABLE KEYS */;
UNLOCK TABLES;

--
-- Table structure for table `categoria`
--

DROP TABLE IF EXISTS `categoria`;
/*!40101 SET @saved_cs_client     = @@character_set_client */;
/*!40101 SET character_set_client = utf8 */;
CREATE TABLE `categoria` (
  `idCategoria` int(11) NOT NULL COMMENT 'Llave primaria de categoria',
  `nombreCategoria` varchar(100) NOT NULL COMMENT 'Nombre de la categoria',
  `activa` tinyint(1) NOT NULL,
  `pariente` int(11) NOT NULL,
  PRIMARY KEY (`idCategoria`)
) ENGINE=InnoDB DEFAULT CHARSET=utf8;
/*!40101 SET character_set_client = @saved_cs_client */;

--
-- Dumping data for table `categoria`
--

LOCK TABLES `categoria` WRITE;
/*!40000 ALTER TABLE `categoria` DISABLE KEYS */;
INSERT INTO `categoria` VALUES (1,'Instrumentos',1,1),(2,'Instrumentos de Cuerda',1,1),(3,'Instrumentos de Viento',1,1),(4,'Instrumentos de Percsusión',1,1),(5,'Guitarras',1,2),(6,'Guitarras Eléctricas',1,5),(7,'Guitarras Acústicas',1,5),(8,'Guitarras Electroacústicas',1,5);
/*!40000 ALTER TABLE `categoria` ENABLE KEYS */;
UNLOCK TABLES;

--
-- Table structure for table `cuenta`
--

DROP TABLE IF EXISTS `cuenta`;
/*!40101 SET @saved_cs_client     = @@character_set_client */;
/*!40101 SET character_set_client = utf8 */;
CREATE TABLE `cuenta` (
  `tipoDocumento` varchar(10) NOT NULL COMMENT 'Llave priamria tipo documento cuenta',
  `numeroDocumento` varchar(45) NOT NULL COMMENT 'Llave priamria número documento cuenta',
  `primerNombre` varchar(100) NOT NULL COMMENT 'Primer nombre de la persona',
  `segundoNombre` varchar(45) DEFAULT NULL COMMENT 'Segundo nombre de la persona',
  `primerApellido` varchar(100) NOT NULL COMMENT 'Primer apellido de la persona',
  `segundoApellido` varchar(45) DEFAULT NULL COMMENT 'Segundo apellido de la persona',
  `contrasena` varchar(45) NOT NULL COMMENT 'Contraseña de la cuenta',
  `email` varchar(45) NOT NULL COMMENT 'Correo electrónico de la cuenta',
  `Usuario_idUsuario` varchar(20) NOT NULL COMMENT 'Llave foránea ID usuario',
  PRIMARY KEY (`tipoDocumento`,`numeroDocumento`),
  KEY `fk_Cuenta_Usuario1` (`Usuario_idUsuario`),
  CONSTRAINT `fk_Cuenta_Usuario1` FOREIGN KEY (`Usuario_idUsuario`) REFERENCES `usuario` (`idUsuario`) ON DELETE NO ACTION ON UPDATE NO ACTION
) ENGINE=InnoDB DEFAULT CHARSET=utf8;
/*!40101 SET character_set_client = @saved_cs_client */;

--
-- Dumping data for table `cuenta`
--

LOCK TABLES `cuenta` WRITE;
/*!40000 ALTER TABLE `cuenta` DISABLE KEYS */;
INSERT INTO `cuenta` VALUES ('CC','1008273458','Diana','Carolina','Ramirez','Perez','5145615','jo@hotmail.com','JhoanaP'),('CC','1023547851','Daniel','Alejandro','Bernate','Gonzales','124579','da@hotmail.com','ABernate'),('CC','10254987562','Hernan','Antonio','Diaz','Perez','7542681','Guitierritos@hotmail.com','JhnAlx'),('JH','11115555','Carlos','Andres','Cuevas','Perez','3105487652','nrada@hotmail.com','Nico'),('TI','2025412478','Dilana','Sofia','Carrion','Luengas','9542157','sof20010@yahoo.com','Dilana');
/*!40000 ALTER TABLE `cuenta` ENABLE KEYS */;
UNLOCK TABLES;

--
-- Table structure for table `departamento`
--

DROP TABLE IF EXISTS `departamento`;
/*!40101 SET @saved_cs_client     = @@character_set_client */;
/*!40101 SET character_set_client = utf8 */;
CREATE TABLE `departamento` (
  `idDepartamento` varchar(2) NOT NULL COMMENT 'Llave primaria del departamento',
  `nombre` varchar(45) NOT NULL COMMENT 'Nombre del departamento',
  PRIMARY KEY (`idDepartamento`)
) ENGINE=InnoDB DEFAULT CHARSET=utf8;
/*!40101 SET character_set_client = @saved_cs_client */;

--
-- Dumping data for table `departamento`
--

LOCK TABLES `departamento` WRITE;
/*!40000 ALTER TABLE `departamento` DISABLE KEYS */;
INSERT INTO `departamento` VALUES ('1','AMAZONAS'),('11','CESAR'),('12','CHOCÓ'),('13','CÓRDOBA'),('14','CUNDINAMARCA'),('15','GUAINÍA'),('16','GUAVIARE'),('17','HUILA'),('18','LA GUAJIRA'),('19','MAGDALENA'),('2','ANTIOQUIA'),('20','META'),('21','NARIÑO'),('22','NORTE DE SANTANDER'),('23','PUTUMAYO'),('24','QUINDÍO'),('25','RISARALDA'),('26','SAN ANDRÉS Y ROVIDENCIA'),('27','SANTANDER'),('28','SUCRE'),('29','TOLIMA'),('3','ARAUCA'),('30','VALLE DEL CAUCA'),('31','VAUPÉS'),('32','VICHADA'),('4','ATLÁNTICO'),('5','BOLÍVAR'),('6','BOYACÁ'),('7','CALDAS'),('8','CAQUETÁ'),('9','CASANARE'),('96','CAUCA');
/*!40000 ALTER TABLE `departamento` ENABLE KEYS */;
UNLOCK TABLES;

--
-- Table structure for table `domicilio_cuenta`
--

DROP TABLE IF EXISTS `domicilio_cuenta`;
/*!40101 SET @saved_cs_client     = @@character_set_client */;
/*!40101 SET character_set_client = utf8 */;
CREATE TABLE `domicilio_cuenta` (
  `Cuenta_tipoDocumento` varchar(10) NOT NULL COMMENT 'Llave primaria Cuenta tipo Documento',
  `Cuenta_numeroDocumento` varchar(45) NOT NULL COMMENT 'Llave primaria Cuenta Número docuemnto',
  `telefono` varchar(45) NOT NULL COMMENT 'Teléfono del domicilio',
  `direccion` varchar(200) NOT NULL COMMENT 'Dirección del domicilio',
  `barrio` varchar(100) NOT NULL COMMENT 'Barrio del Domicilio',
  `localidad` varchar(100) DEFAULT NULL COMMENT 'Localidad del domicilio',
  `Municipio_idMunicipio` varchar(4) NOT NULL,
  PRIMARY KEY (`Cuenta_tipoDocumento`,`Cuenta_numeroDocumento`),
  KEY `fk_Domicilio_Municipio1` (`Municipio_idMunicipio`),
  CONSTRAINT `fk_Domicilio_Cuenta1` FOREIGN KEY (`Cuenta_tipoDocumento`, `Cuenta_numeroDocumento`) REFERENCES `cuenta` (`tipoDocumento`, `numeroDocumento`) ON DELETE NO ACTION ON UPDATE CASCADE,
  CONSTRAINT `fk_Domicilio_Municipio1` FOREIGN KEY (`Municipio_idMunicipio`) REFERENCES `municipio` (`idMunicipio`) ON DELETE NO ACTION ON UPDATE NO ACTION
) ENGINE=InnoDB DEFAULT CHARSET=utf8;
/*!40101 SET character_set_client = @saved_cs_client */;

--
-- Dumping data for table `domicilio_cuenta`
--

LOCK TABLES `domicilio_cuenta` WRITE;
/*!40000 ALTER TABLE `domicilio_cuenta` DISABLE KEYS */;
INSERT INTO `domicilio_cuenta` VALUES ('CC','1008273458','7660660','Cll 22 # 13 - 45 Sur','Santa Lucia','Rafael Uribe','524'),('CC','1023547851','7610633','Cr 6 A Este # 90 - 38 Sur','Alfonso Lopez','Usme','524'),('CC','10254987562','7667774','Transversal 58 F Diagonal 5C Sur','Las Brisas','San Cristobal','524'),('JH','11115555','7811221','Avenida 1ra de mayo # 19 - 36','Restrepo','Rafael Uribe','524'),('TI','2025412478','7451026','Cr 98 x # 12 - 07','Modelia','Engativa','524');
/*!40000 ALTER TABLE `domicilio_cuenta` ENABLE KEYS */;
UNLOCK TABLES;

--
-- Table structure for table `domicilio_proveedor`
--

DROP TABLE IF EXISTS `domicilio_proveedor`;
/*!40101 SET @saved_cs_client     = @@character_set_client */;
/*!40101 SET character_set_client = utf8 */;
CREATE TABLE `domicilio_proveedor` (
  `Proveedor_idProveedor` varchar(45) NOT NULL,
  `Proveedor_tipoDeIdentificacion` varchar(20) NOT NULL,
  `telefono` varchar(45) NOT NULL COMMENT 'Teléfono del domicilio',
  `direccion` varchar(200) NOT NULL COMMENT 'Dirección del domicilio',
  `barrio` varchar(100) NOT NULL COMMENT 'Barrio del Domicilio',
  `localidad` varchar(100) DEFAULT NULL COMMENT 'Localidad del domicilio',
  `Municipio_idMunicipio` varchar(4) NOT NULL,
  PRIMARY KEY (`Proveedor_idProveedor`,`Proveedor_tipoDeIdentificacion`),
  KEY `fk_Domicilio_Municipio10` (`Municipio_idMunicipio`),
  CONSTRAINT `fk_Domicilio_Municipio10` FOREIGN KEY (`Municipio_idMunicipio`) REFERENCES `municipio` (`idMunicipio`) ON DELETE NO ACTION ON UPDATE CASCADE,
  CONSTRAINT `fk_Domicilio_Proveedor_Proveedor1` FOREIGN KEY (`Proveedor_idProveedor`, `Proveedor_tipoDeIdentificacion`) REFERENCES `proveedor` (`idProveedor`, `tipoDeIdentificacion`) ON DELETE NO ACTION ON UPDATE CASCADE
) ENGINE=InnoDB DEFAULT CHARSET=utf8;
/*!40101 SET character_set_client = @saved_cs_client */;

--
-- Dumping data for table `domicilio_proveedor`
--

LOCK TABLES `domicilio_proveedor` WRITE;
/*!40000 ALTER TABLE `domicilio_proveedor` DISABLE KEYS */;
INSERT INTO `domicilio_proveedor` VALUES ('11119999','CC','3214568522','Trasversal 5-25 Occidente ','Ricaurte','Martires','524'),('12345','NIT','5421578','Calle 45 b 45-8sur ','Aurora','Usme','524');
/*!40000 ALTER TABLE `domicilio_proveedor` ENABLE KEYS */;
UNLOCK TABLES;

--
-- Table structure for table `factura`
--

DROP TABLE IF EXISTS `factura`;
/*!40101 SET @saved_cs_client     = @@character_set_client */;
/*!40101 SET character_set_client = utf8 */;
CREATE TABLE `factura` (
  `idFactura` int(11) NOT NULL AUTO_INCREMENT COMMENT 'Llave primaria de la factura',
  `fecha` datetime NOT NULL COMMENT 'Fecha y Hora de la factura',
  `total` float NOT NULL COMMENT 'Total de la factura',
  `Cuenta_tipoDocumento` varchar(10) NOT NULL COMMENT 'Llave foránea tipo Documento de cuenta',
  `Cuenta_numeroDocumento` varchar(45) NOT NULL COMMENT 'Llave foránea número de docuemnto de cuenta',
  PRIMARY KEY (`idFactura`),
  KEY `fk_Factura_Cuenta1` (`Cuenta_tipoDocumento`,`Cuenta_numeroDocumento`),
  CONSTRAINT `fk_Factura_Cuenta1` FOREIGN KEY (`Cuenta_tipoDocumento`, `Cuenta_numeroDocumento`) REFERENCES `cuenta` (`tipoDocumento`, `numeroDocumento`) ON DELETE NO ACTION ON UPDATE CASCADE
) ENGINE=InnoDB AUTO_INCREMENT=11 DEFAULT CHARSET=utf8;
/*!40101 SET character_set_client = @saved_cs_client */;

--
-- Dumping data for table `factura`
--

LOCK TABLES `factura` WRITE;
/*!40000 ALTER TABLE `factura` DISABLE KEYS */;
INSERT INTO `factura` VALUES (1,'2015-02-16 00:00:00',2772400,'CC','1023547851'),(2,'2015-02-14 00:00:00',13189200,'CC','10254987562'),(3,'2015-02-02 00:00:00',13572000,'CC','10254987562'),(4,'2015-02-13 00:00:00',68788000,'CC','10254987562'),(5,'2015-02-01 00:00:00',1206400,'CC','10254987562'),(6,'2015-02-28 00:00:00',13189200,'JH','11115555'),(7,'2015-02-22 00:00:00',13572000,'JH','11115555'),(8,'2015-02-12 00:00:00',68788000,'JH','11115555'),(9,'2015-02-05 00:00:00',1206400,'JH','11115555'),(10,'2015-02-01 00:00:00',13189200,'JH','11115555');
/*!40000 ALTER TABLE `factura` ENABLE KEYS */;
UNLOCK TABLES;

--
-- Table structure for table `inventario`
--

DROP TABLE IF EXISTS `inventario`;
/*!40101 SET @saved_cs_client     = @@character_set_client */;
/*!40101 SET character_set_client = utf8 */;
CREATE TABLE `inventario` (
  `idInventario` int(11) NOT NULL AUTO_INCREMENT COMMENT 'Llave primaria inventario',
  `fecha` date NOT NULL COMMENT 'Fecha de la compra',
  `cantidad` int(11) NOT NULL COMMENT 'Cantidad comprada',
  `Producto_idProducto` varchar(100) NOT NULL COMMENT 'Llave foranea ID Producto',
  `Proveedor_idProveedor` varchar(45) NOT NULL COMMENT 'Llave foranea Id Proveedor',
  `Proveedor_tipoDeIdentificacion` varchar(20) NOT NULL COMMENT 'Llave foraena Proveedor tipo de Identificacion',
  PRIMARY KEY (`idInventario`,`Producto_idProducto`,`Proveedor_idProveedor`,`Proveedor_tipoDeIdentificacion`),
  KEY `fk_Inventario_Producto1` (`Producto_idProducto`),
  KEY `fk_Inventario_Proveedor1` (`Proveedor_idProveedor`,`Proveedor_tipoDeIdentificacion`),
  CONSTRAINT `fk_Inventario_Producto1` FOREIGN KEY (`Producto_idProducto`) REFERENCES `producto` (`idProducto`) ON DELETE NO ACTION ON UPDATE CASCADE,
  CONSTRAINT `fk_Inventario_Proveedor1` FOREIGN KEY (`Proveedor_idProveedor`, `Proveedor_tipoDeIdentificacion`) REFERENCES `proveedor` (`idProveedor`, `tipoDeIdentificacion`) ON DELETE NO ACTION ON UPDATE CASCADE
) ENGINE=InnoDB AUTO_INCREMENT=6 DEFAULT CHARSET=utf8;
/*!40101 SET character_set_client = @saved_cs_client */;

--
-- Dumping data for table `inventario`
--

LOCK TABLES `inventario` WRITE;
/*!40000 ALTER TABLE `inventario` DISABLE KEYS */;
INSERT INTO `inventario` VALUES (1,'2015-02-20',5,'A0001','12345','NIT'),(2,'2015-02-20',5,'A0002','12345','NIT'),(3,'2015-02-20',5,'A0003','12345','NIT'),(4,'2015-02-20',5,'A0004','11119999','CC'),(5,'2015-02-20',5,'A0005','11119999','CC');
/*!40000 ALTER TABLE `inventario` ENABLE KEYS */;
UNLOCK TABLES;

--
-- Table structure for table `item`
--

DROP TABLE IF EXISTS `item`;
/*!40101 SET @saved_cs_client     = @@character_set_client */;
/*!40101 SET character_set_client = utf8 */;
CREATE TABLE `item` (
  `Producto_idProducto` varchar(100) NOT NULL COMMENT 'Llave foránea ID product',
  `Pedido_Factura_idFactura` int(11) NOT NULL COMMENT 'Llave foránea Pedido',
  `cantidad` int(11) NOT NULL COMMENT 'Cantidad del producto',
  `costoUnitario` float NOT NULL COMMENT 'Costo Unitario del producto',
  `costoTotal` float NOT NULL COMMENT 'Costo Total del Item',
  PRIMARY KEY (`Producto_idProducto`,`Pedido_Factura_idFactura`),
  KEY `fk_Item_Pedido1` (`Pedido_Factura_idFactura`),
  CONSTRAINT `fk_Item_Pedido1` FOREIGN KEY (`Pedido_Factura_idFactura`) REFERENCES `pedido` (`Factura_idFactura`) ON DELETE NO ACTION ON UPDATE NO ACTION,
  CONSTRAINT `fk_Item_Producto1` FOREIGN KEY (`Producto_idProducto`) REFERENCES `producto` (`idProducto`) ON DELETE NO ACTION ON UPDATE CASCADE
) ENGINE=InnoDB DEFAULT CHARSET=utf8;
/*!40101 SET character_set_client = @saved_cs_client */;

--
-- Dumping data for table `item`
--

LOCK TABLES `item` WRITE;
/*!40000 ALTER TABLE `item` DISABLE KEYS */;
INSERT INTO `item` VALUES ('A0001',1,10,150000,1500000),('A0001',5,1,150000,150000),('A0001',9,1,150000,150000),('A0002',1,2,180000,360000),('A0002',5,2,180000,360000),('A0002',9,2,180000,360000),('A0003',1,1,130000,130000),('A0003',5,1,130000,130000),('A0003',9,1,130000,130000),('A0004',1,2,100000,200000),('A0004',5,2,100000,200000),('A0004',9,2,100000,200000),('A0005',1,1,200000,200000),('A0005',5,1,200000,200000),('A0005',9,1,200000,200000),('A0006',2,2,135000,270000),('A0006',6,2,135000,270000),('A0006',10,2,135000,270000),('A0007',2,1,100000,100000),('A0007',6,1,100000,100000),('A0007',10,1,100000,100000),('E0008',2,2,1500000,3000000),('E0008',6,2,1500000,3000000),('E0008',10,2,1500000,3000000),('E0009',2,1,2000000,2000000),('E0009',6,1,2000000,2000000),('E0009',10,1,2000000,2000000),('E0010',2,2,3000000,6000000),('E0010',6,2,3000000,6000000),('E0010',10,2,3000000,6000000),('E0011',3,1,600000,600000),('E0011',7,1,600000,600000),('E0012',3,2,800000,1600000),('E0012',7,2,800000,1600000),('E0013',3,1,2000000,2000000),('E0013',7,1,2000000,2000000),('E0014',3,2,3000000,6000000),('E0014',7,2,3000000,6000000),('EA0015',3,1,1500000,1500000),('EA0015',7,1,1500000,1500000),('EA0016',4,2,115000,2300000),('EA0016',8,2,115000,2300000),('EA0017',4,1,3000000,3000000),('EA0017',8,1,3000000,3000000),('EA0018',4,2,600000,12000000),('EA0018',8,2,600000,12000000),('EA0019',4,1,200000,2000000),('EA0019',8,1,200000,2000000),('EA0020',4,2,2000000,40000000),('EA0020',8,2,2000000,40000000);
/*!40000 ALTER TABLE `item` ENABLE KEYS */;
UNLOCK TABLES;

--
-- Table structure for table `item_carrito`
--

DROP TABLE IF EXISTS `item_carrito`;
/*!40101 SET @saved_cs_client     = @@character_set_client */;
/*!40101 SET character_set_client = utf8 */;
CREATE TABLE `item_carrito` (
  `Producto_idProducto` varchar(100) NOT NULL COMMENT 'Llave foránea ID producto',
  `CarritoDeCompras_idCarritoDeCompras` int(11) NOT NULL COMMENT 'Llave foránea ID carrito de compras',
  `cantidad` int(11) NOT NULL COMMENT 'Cantidad del producto',
  `costoUnitario` float NOT NULL COMMENT 'Costo Unitario del producto',
  `costoTotal` float NOT NULL COMMENT 'Costo Total del Item',
  PRIMARY KEY (`Producto_idProducto`,`CarritoDeCompras_idCarritoDeCompras`),
  KEY `fk_Producto_has_CarritoDeCompras_CarritoDeCompras1` (`CarritoDeCompras_idCarritoDeCompras`),
  CONSTRAINT `fk_Producto_has_CarritoDeCompras_CarritoDeCompras1` FOREIGN KEY (`CarritoDeCompras_idCarritoDeCompras`) REFERENCES `carritodecompras` (`idCarritoDeCompras`) ON DELETE NO ACTION ON UPDATE NO ACTION,
  CONSTRAINT `fk_Producto_has_CarritoDeCompras_Producto1` FOREIGN KEY (`Producto_idProducto`) REFERENCES `producto` (`idProducto`) ON DELETE NO ACTION ON UPDATE CASCADE
) ENGINE=InnoDB DEFAULT CHARSET=utf8;
/*!40101 SET character_set_client = @saved_cs_client */;

--
-- Dumping data for table `item_carrito`
--

LOCK TABLES `item_carrito` WRITE;
/*!40000 ALTER TABLE `item_carrito` DISABLE KEYS */;
INSERT INTO `item_carrito` VALUES ('A0001',1,1,150000,150000),('A0002',1,2,180000,360000),('A0003',2,1,130000,130000),('A0004',2,2,100000,200000),('A0005',3,1,200000,200000),('A0006',3,2,135000,270000),('A0007',4,1,100000,100000),('E0008',4,2,1500000,3000000);
/*!40000 ALTER TABLE `item_carrito` ENABLE KEYS */;
UNLOCK TABLES;

--
-- Table structure for table `municipio`
--

DROP TABLE IF EXISTS `municipio`;
/*!40101 SET @saved_cs_client     = @@character_set_client */;
/*!40101 SET character_set_client = utf8 */;
CREATE TABLE `municipio` (
  `idMunicipio` varchar(4) NOT NULL COMMENT 'Llave primaria municipio',
  `nombre` varchar(45) NOT NULL COMMENT 'Nombre del municipio',
  `Departamento_idDepartamento` varchar(2) NOT NULL,
  PRIMARY KEY (`idMunicipio`),
  KEY `fk_Municipio_Departamento1` (`Departamento_idDepartamento`),
  CONSTRAINT `fk_Municipio_Departamento1` FOREIGN KEY (`Departamento_idDepartamento`) REFERENCES `departamento` (`idDepartamento`) ON DELETE NO ACTION ON UPDATE CASCADE
) ENGINE=InnoDB DEFAULT CHARSET=utf8;
/*!40101 SET character_set_client = @saved_cs_client */;

--
-- Dumping data for table `municipio`
--

LOCK TABLES `municipio` WRITE;
/*!40000 ALTER TABLE `municipio` DISABLE KEYS */;
INSERT INTO `municipio` VALUES ('1','EL ENCANTO','1'),('10','PUERTO SANTANDER','1'),('100','SAN ANDRES DE CUERQUIA','2'),('1000','LOS PALMITOS','28'),('1001','MAJAGUAL','28'),('1002','MORROA','28'),('1003','OVEJAS','28'),('1004','PALMITO','28'),('1005','SAMPUES','28'),('1006','SAN BENITO ABAD','28'),('1007','SAN JUAN DE BETULIA','28'),('1008','SAN MARCOS','28'),('1009','SAN ONOFRE','28'),('101','SAN CARLOS','2'),('1010','SAN PEDRO','28'),('1011','SINCÉ','28'),('1012','SINCELEJO','28'),('1013','SUCRE','28'),('1014','TOLÚ','28'),('1015','TOLUVIEJO','28'),('1016','ALPUJARRA','29'),('1017','ALVARADO','29'),('1018','AMBALEMA','29'),('1019','ANZOATEGUI','29'),('102','SAN FRANCISCO','2'),('1020','ARMERO (GUAYABAL)','29'),('1021','ATACO','29'),('1022','CAJAMARCA','29'),('1023','CARMEN DE APICALÁ','29'),('1024','CASABIANCA','29'),('1025','CHAPARRAL','29'),('1026','COELLO','29'),('1027','COYAIMA','29'),('1028','CUNDAY','29'),('1029','DOLORES','29'),('103','SAN JERONIMO','2'),('1030','ESPINAL','29'),('1031','FALÁN','29'),('1032','FLANDES','29'),('1033','FRESNO','29'),('1034','GUAMO','29'),('1035','HERVEO','29'),('1036','HONDA','29'),('1037','IBAGUÉ','29'),('1038','ICONONZO','29'),('1039','LÉRIDA','29'),('104','SAN JOSE DE LA MONTAÑA','2'),('1040','LÍBANO','29'),('1041','MARIQUITA','29'),('1042','MELGAR','29'),('1043','MURILLO','29'),('1044','NATAGAIMA','29'),('1045','ORTEGA','29'),('1046','PALOCABILDO','29'),('1047','PIEDRAS PLANADAS','29'),('1048','PRADO','29'),('1049','PURIFICACIÓN','29'),('105','SAN JUAN DE URABA','2'),('1050','RIOBLANCO','29'),('1051','RONCESVALLES','29'),('1052','ROVIRA','29'),('1053','SALDAÑA','29'),('1054','SAN ANTONIO','29'),('1055','SAN LUIS','29'),('1056','SANTA ISABEL','29'),('1057','SUÁREZ','29'),('1058','VALLE DE SAN JUAN','29'),('1059','VENADILLO','29'),('106','SAN LUIS','2'),('1060','VILLAHERMOSA','29'),('1061','VILLARRICA','29'),('1062','ALCALÁ','30'),('1063','ANDALUCÍA','30'),('1064','ANSERMA NUEVO','30'),('1065','ARGELIA','30'),('1066','BOLÍVAR','30'),('1067','BUENAVENTURA','30'),('1068','BUGA','30'),('1069','BUGALAGRANDE','30'),('107','SAN PEDRO DE LOS MILAGROS','2'),('1070','CAICEDONIA','30'),('1071','CALI','30'),('1072','CALIMA (DARIEN)','30'),('1073','CANDELARIA','30'),('1074','CARTAGO','30'),('1075','DAGUA','30'),('1076','EL AGUILA','30'),('1077','EL CAIRO','30'),('1078','EL CERRITO','30'),('1079','EL DOVIO','30'),('108','SAN PEDRO DE URABA','2'),('1080','FLORIDA','30'),('1081','GINEBRA GUACARI','30'),('1082','JAMUNDÍ','30'),('1083','LA CUMBRE','30'),('1084','LA UNIÓN','30'),('1085','LA VICTORIA','30'),('1086','OBANDO','30'),('1087','PALMIRA','30'),('1088','PRADERA','30'),('1089','RESTREPO','30'),('109','SAN RAFAEL','2'),('1090','RIO FRÍO','30'),('1091','ROLDANILLO','30'),('1092','SAN PEDRO','30'),('1093','SEVILLA','30'),('1094','TORO','30'),('1095','TRUJILLO','30'),('1096','TULÚA','30'),('1097','ULLOA','30'),('1098','VERSALLES','30'),('1099','VIJES','30'),('11','TURAPACA','1'),('110','SAN ROQUE','2'),('1100','YOTOCO','30'),('1101','YUMBO','30'),('1102','ZARZAL','30'),('1103','CARURÚ','31'),('1104','MITÚ','31'),('1105','PACOA','31'),('1106','PAPUNAUA','31'),('1107','TARAIRA','31'),('1108','YAVARATÉ','31'),('1109','CUMARIBO','32'),('111','SAN VICENTE','2'),('1110','LA PRIMAVERA','32'),('1111','PUERTO CARREÑO','32'),('1112','SANTA ROSALIA','32'),('112','SANTA BARBARA','2'),('113','SANTA ROSA DE OSOS','2'),('114','SANTO DOMINGO','2'),('115','SANTUARIO','2'),('116','SEGOVIA','2'),('117','SONSON','2'),('118','SOPETRAN','2'),('119','TAMESIS','2'),('12','ABEJORRAL','2'),('120','TARAZA','2'),('121','TARSO','2'),('122','TITIRIBI','2'),('123','TOLEDO','2'),('124','TURBO','2'),('125','URAMITA','2'),('126','URRAO','2'),('127','VALDIVIA','2'),('128','VALPARAISO','2'),('129','VEGACHI','2'),('13','ABRIAQUI','2'),('130','VENECIA','2'),('131','VIGIA DEL FUERTE','2'),('132','YALI','2'),('133','YARUMAL','2'),('134','YOLOMBO','2'),('135','YONDO','2'),('136','ZARAGOZA','2'),('137','ARAUCA','3'),('138','ARAUQUITA','3'),('139','CRAVO NORTE','3'),('14','ALEJANDRIA','2'),('140','FORTUL','3'),('141','PUERTO RONDON','3'),('142','SARAVENA','3'),('143','TAME','3'),('144','BARANOA','4'),('145','BARRANQUILLA','4'),('146','CAMPO DE LA CRUZ','4'),('147','CANDELARIA','4'),('148','GALAPA','4'),('149','JUAN DE ACOSTA','4'),('15','AMAGA','2'),('150','LURUACO','4'),('151','MALAMBO','4'),('152','MANATI','4'),('153','PALMAR DE VARELA','4'),('154','PIOJO','4'),('155','POLO NUEVO','4'),('156','PONEDERA','4'),('157','PUERTO COLOMBIA','4'),('158','REPELON','4'),('159','SABANAGRANDE','4'),('16','AMALFI','2'),('160','SABANALARGA','4'),('161','SANTA LUCIA','4'),('162','SANTO TOMAS','4'),('163','SOLEDAD','4'),('164','SUAN','4'),('165','TUBARA','4'),('166','USIACURI','4'),('167','ACHI','5'),('168','ALTOS DEL ROSARIO','5'),('169','ARENAL','5'),('17','ANDES','2'),('170','ARJONA','5'),('171','ARROYOHONDO','5'),('172','BARRANCO DE LOBA','5'),('173','BRAZUELO DE PAPAYAL','5'),('174','CALAMAR','5'),('175','CANTAGALLO','5'),('176','CARTAGENA DE INDIAS','5'),('177','CICUCO','5'),('178','CLEMENCIA','5'),('179','CORDOBA','5'),('18','ANGELOPOLIS','2'),('180','EL CARMEN DE BOLIVAR','5'),('181','EL GUAMO','5'),('182','EL PENION','5'),('183','HATILLO DE LOBA','5'),('184','MAGANGUE','5'),('185','MAHATES','5'),('186','MARGARITA','5'),('187','MARIA LA BAJA','5'),('188','MONTECRISTO','5'),('189','MORALES','5'),('19','ANGOSTURA','2'),('190','MORALES','5'),('191','NOROSI','5'),('192','PINILLOS','5'),('193','REGIDOR','5'),('194','RIO VIEJO','5'),('195','SAN CRISTOBAL','5'),('196','SAN ESTANISLAO','5'),('197','SAN FERNANDO','5'),('198','SAN JACINTO ','5'),('199','SAN JACINTO  DEL CAUCA','5'),('2','LA CHORRERA','1'),('20','ANORI','2'),('200','SAN JUAN DE NEPOMUCENO','5'),('201','SAN MARTIN DE LOBA','5'),('202','SAN PABLO','5'),('203','SAN PABLO NORTE','5'),('204','SANTA CATALINA','5'),('205','SANTA CRUZ DE MOMPOX','5'),('206','SANTA ROSA','5'),('207','SANTA ROSA DEL SUR','5'),('208','SIMITI','5'),('209','SOPLAVIENTO','5'),('21','ANTIOQUIA','2'),('210','TALAIGUA NUEVO','5'),('211','TUQUISIO','5'),('212','TURBACO','5'),('213','TURBANA','5'),('214','VILLANUEVA','5'),('215','ZAMBRANO','5'),('216','AQUITANIA','6'),('217','ARCABUCO','6'),('218','BELÉN','6'),('219','BERBEO','6'),('22','ANZA','2'),('220','BETÉITIVA','6'),('221','BOAVITA','6'),('222','BOYACÁ','6'),('223','BRICEÑO','6'),('224','BUENAVISTA','6'),('225','BUSBANZÁ','6'),('226','CALDAS','6'),('227','CAMPO HERMOSO','6'),('228','CERINZA','6'),('229','CHINAVITA','6'),('23','APARTADO','2'),('230','CHIQUINQUIRÁ','6'),('231','CHÍQUIZA','6'),('232','CHISCAS','6'),('233','CHITA','6'),('234','CHITARAQUE','6'),('235','CHIVATÁ','6'),('236','CIÉNEGA','6'),('237','CÓMBITA','6'),('238','COPER','6'),('239','CORRALES','6'),('24','ARBOLETES','2'),('240','COVARACHÍA','6'),('241','CUBARA','6'),('242','CUCAITA','6'),('243','CUITIVA','6'),('244','DUITAMA','6'),('245','EL COCUY','6'),('246','EL ESPINO','6'),('247','FIRAVITOBA','6'),('248','FLORESTA','6'),('249','GACHANTIVÁ','6'),('25','ARGELIA','2'),('250','GÁMEZA','6'),('251','GARAGOA','6'),('252','GUACAMAYAS','6'),('253','GÜICÁN','6'),('254','IZA','6'),('255','JENESANO','6'),('256','JERICÓ','6'),('257','LA UVITA','6'),('258','LA VICTORIA','6'),('259','LABRANZA GRANDE','6'),('26','ARMENIA','2'),('260','MACANAL','6'),('261','MARIPÍ','6'),('262','MIRAFLORES','6'),('263','MONGUA','6'),('264','MONGUÍ','6'),('265','MONIQUIRÁ','6'),('266','MOTAVITA','6'),('267','MUZO','6'),('268','NOBSA','6'),('269','NUEVO COLÓN','6'),('27','BARBOSA','2'),('270','OICATÁ','6'),('271','OTANCHE','6'),('272','PACHAVITA','6'),('273','PÁEZ','6'),('274','PAIPA','6'),('275','PAJARITO','6'),('276','PANQUEBA','6'),('277','PAUNA','6'),('278','PAYA','6'),('279','PAZ DE RÍO','6'),('28','BELLO','2'),('280','PESCA','6'),('281','PISBA','6'),('282','PUERTO BOYACA','6'),('283','QUÍPAMA','6'),('284','RAMIRIQUÍ','6'),('285','RÁQUIRA','6'),('286','RONDÓN','6'),('287','SABOYÁ','6'),('288','SÁCHICA','6'),('289','SAMACÁ','6'),('29','BELMIRA','2'),('290','SAN EDUARDO','6'),('291','SAN JOSÉ DE PARE','6'),('292','SAN LUÍS DE GACENO','6'),('293','SAN MATEO','6'),('294','SAN MIGUEL DE SEMA','6'),('295','SAN PABLO DE BORBUR','6'),('296','SANTA MARÍA','6'),('297','SANTA ROSA DE VITERBO','6'),('298','SANTA SOFÍA','6'),('299','SANTANA','6'),('3','LA PEDRERA','1'),('30','BETANIA','2'),('300','SATIVANORTE','6'),('301','SATIVASUR','6'),('302','SIACHOQUE','6'),('303','SOATÁ','6'),('304','SOCHA','6'),('305','SOCOTÁ','6'),('306','SOGAMOSO','6'),('307','SORA','6'),('308','SORACÁ','6'),('309','SOTAQUIRÁ','6'),('31','BETULIA','2'),('310','SUSACÓN','6'),('311','SUTARMACHÁN','6'),('312','TASCO','6'),('313','TIBANÁ','6'),('314','TIBASOSA','6'),('315','TINJACÁ','6'),('316','TIPACOQUE','6'),('317','TOCA','6'),('318','TOGÜÍ','6'),('319','TÓPAGA','6'),('32','BOLIVAR','2'),('320','TOTA','6'),('321','TUNJA','6'),('322','TUNUNGUÁ','6'),('323','TURMEQUÉ','6'),('324','TUTA','6'),('325','TUTAZÁ','6'),('326','UMBITA','6'),('327','VENTA QUEMADA','6'),('328','VILLA DE LEYVA','6'),('329','VIRACACHÁ','6'),('33','BRICEÑO','2'),('330','ZETAQUIRA','6'),('331','AGUADAS','7'),('332','ANSERMA','7'),('333','ARANZAZU','7'),('334','BELALCAZAR','7'),('335','CHINCHINÁ','7'),('336','FILADELFIA','7'),('337','LA DORADA','7'),('338','LA MERCED','7'),('339','MANIZALES','7'),('34','BURITICA','2'),('340','MANZANARES','7'),('341','MARMATO','7'),('342','MARQUETALIA','7'),('343','MARULANDA','7'),('344','NEIRA','7'),('345','NORCASIA','7'),('346','PACORA','7'),('347','PALESTINA','7'),('348','PENSILVANIA','7'),('349','RIOSUCIO','7'),('35','CACERES','2'),('350','RISARALDA','7'),('351','SALAMINA','7'),('352','SAMANA','7'),('353','SAN JOSE','7'),('354','SUPÍA','7'),('355','VICTORIA','7'),('356','VILLAMARÍA','7'),('357','VITERBO','7'),('358','ALBANIA','8'),('359','BELÉN ANDAQUIES','8'),('36','CAICEDO','2'),('360','CARTAGENA DEL CHAIRA','8'),('361','CURILLO','8'),('362','EL DONCELLO','8'),('363','EL PAUJIL','8'),('364','FLORENCIA','8'),('365','LA MONTAÑITA','8'),('366','MILÁN','8'),('367','MORELIA','8'),('368','PUERTO RICO','8'),('369','SAN  VICENTE DEL CAGUAN','8'),('37','CALDAS','2'),('370','SAN JOSÉ DE FRAGUA','8'),('371','SOLANO','8'),('372','SOLITA','8'),('373','VALPARAÍSO','8'),('374','AGUAZUL','9'),('375','CHAMEZA','9'),('376','HATO COROZAL','9'),('377','LA SALINA','9'),('378','MANÍ','9'),('379','MONTERREY','9'),('38','CAMPAMENTO','2'),('380','NUNCHIA','9'),('381','OROCUE','9'),('382','PAZ DE ARIPORO','9'),('383','PORE','9'),('384','RECETOR','9'),('385','SABANA LARGA','9'),('386','SACAMA','9'),('387','SAN LUIS DE PALENQUE','9'),('388','TAMARA','9'),('389','TAURAMENA','9'),('39','CANASGORDAS','2'),('390','TRINIDAD','9'),('391','VILLANUEVA','9'),('392','YOPAL','9'),('393','ALMAGUER','96'),('394','ARGELIA','96'),('395','BALBOA','96'),('396','BOLÍVAR','96'),('397','BUENOS AIRES','96'),('398','CAJIBIO','96'),('399','CALDONO','96'),('4','LA VICTORIA','1'),('40','CARACOLI','2'),('400','CALOTO','96'),('401','CORINTO ','96'),('402','EL TAMBO','96'),('403','FLORENCIA','96'),('404','GUAPI','96'),('405','INZA','96'),('406','JAMBALÓ','96'),('407','LA SIERRA','96'),('408','LA VEGA','96'),('409','LÓPEZ','96'),('41','CARAMANTA','2'),('410','MERCADERES','96'),('411','MIRANDA','96'),('412','MORALES','96'),('413','PADILLA','96'),('414','PÁEZ','96'),('415','PATIA (EL BORDO)','96'),('416','PIAMONTE','96'),('417','PIENDAMO','96'),('418','POPAYÁN','96'),('419','PUERTO TEJADA','96'),('42','CAREPA','2'),('420','PURACE','96'),('421','ROSAS','96'),('422','SAN SEBASTIÁN','96'),('423','SANTA ROSA','96'),('424','SANTANDER DE QUILICHAO','96'),('425','SILVIA','96'),('426','SOTARA','96'),('427','SUÁREZ','96'),('428','SUCRE','96'),('429','TIMBÍO','96'),('43','CARMEN DE VIBORAL','2'),('430','TIMBIQUÍ','96'),('431','TORIBIO','96'),('432','TOTORO','96'),('433','VILLA RICA','96'),('434','AGUACHICA','11'),('435','AGUSTÍN CODAZZI','11'),('436','ASTREA','11'),('437','BECERRIL','11'),('438','BOSCONIA','11'),('439','CHIMICHAGUA','11'),('44','CAROLINA DEL PRINCIPE','2'),('440','CHIRIGUANÁ','11'),('441','CURUMANÍ','11'),('442','EL COPEY','11'),('443','EL PASO','11'),('444','GAMARRA','11'),('445','GONZÁLEZ','11'),('446','LA GLORIA','11'),('447','LA JAGUA IBIRICO','11'),('448','MANAURE BALCÓN DEL CESAR','11'),('449','PAILITAS','11'),('45','CAUCASIA','2'),('450','PELAYA','11'),('451','PUEBLO BELLO','11'),('452','RÍO DE ORO','11'),('453','ROBLES (LA PAZ)','11'),('454','SAN ALBERTO','11'),('455','SAN DIEGO','11'),('456','SAN MARTÍN','11'),('457','TAMALAMEQUE','11'),('458','VALLEDUPAR','11'),('459','ACANDI','12'),('46','CHIGORODO','2'),('460','ALTO BAUDO (PIE DE PATO)','12'),('461','ATRATO','12'),('462','BAGADO','12'),('463','BAHIA SOLANO (MUTIS)','12'),('464','BAJO BAUDO (PIZARRO)','12'),('465','BOJAYA (BELLAVISTA)','12'),('466','CANTON DE SAN PABLO','12'),('467','CARMEN DEL DARIEN','12'),('468','CERTEGUI','12'),('469','CONDOTO','12'),('47','CISNEROS','2'),('470','EL CARMEN','12'),('471','ISTMINA','12'),('472','JURADO','12'),('473','LITORAL DEL SAN JUAN','12'),('474','LLORO','12'),('475','MEDIO ATRATO','12'),('476','MEDIO BAUDO (BOCA DE PEPE)','12'),('477','MEDIO SAN JUAN','12'),('478','NOVITA','12'),('479','NUQUI','12'),('48','COCORNA','2'),('480','QUIBDO','12'),('481','RIO IRO','12'),('482','RIO QUITO','12'),('483','RIOSUCIO','12'),('484','SAN JOSE DEL PALMAR','12'),('485','SIPI','12'),('486','TADO','12'),('487','UNGUIA','12'),('488','UNIÓN PANAMERICANA','12'),('489','AYAPEL','13'),('49','CONCEPCION','2'),('490','BUENAVISTA','13'),('491','CANALETE','13'),('492','CERETÉ','13'),('493','CHIMA','13'),('494','CHINÚ','13'),('495','CIENAGA DE ORO','13'),('496','COTORRA','13'),('497','LA APARTADA','13'),('498','LORICA','13'),('499','LOS CÓRDOBAS','13'),('5','LETICIA','1'),('50','CONCORDIA','2'),('500','MOMIL','13'),('501','MONTELÍBANO','13'),('502','MONTERÍA','13'),('503','MOÑITOS','13'),('504','PLANETA RICA','13'),('505','PUEBLO NUEVO','13'),('506','PUERTO ESCONDIDO','13'),('507','PUERTO LIBERTADOR','13'),('508','PURÍSIMA','13'),('509','SAHAGÚN','13'),('51','COPACABANA','2'),('510','SAN ANDRÉS SOTAVENTO','13'),('511','SAN ANTERO','13'),('512','SAN BERNARDO VIENTO','13'),('513','SAN CARLOS','13'),('514','SAN PELAYO','13'),('515','TIERRALTA','13'),('516','VALENCIA','13'),('517','AGUA DE DIOS','14'),('518','ALBAN','14'),('519','ANAPOIMA','14'),('52','DABEIBA','2'),('520','ANOLAIMA','14'),('521','ARBELAEZ','14'),('522','BELTRÁN','14'),('523','BITUIMA','14'),('524','BOGOTÁ DC','14'),('525','BOJACÁ','14'),('526','CABRERA','14'),('527','CACHIPAY','14'),('528','CAJICÁ','14'),('529','CAPARRAPÍ','14'),('53','DONMATIAS','2'),('530','CAQUEZA','14'),('531','CARMEN DE CARUPA','14'),('532','CHAGUANÍ','14'),('533','CHIA','14'),('534','CHIPAQUE','14'),('535','CHOACHÍ','14'),('536','CHOCONTÁ','14'),('537','COGUA','14'),('538','COTA','14'),('539','CUCUNUBÁ','14'),('54','EBEJICO','2'),('540','EL COLEGIO','14'),('541','EL PEÑÓN','14'),('542','EL ROSAL1','14'),('543','FACATATIVA','14'),('544','FÓMEQUE','14'),('545','FOSCA','14'),('546','FUNZA','14'),('547','FÚQUENE','14'),('548','FUSAGASUGA','14'),('549','GACHALÁ','14'),('55','EL BAGRE','2'),('550','GACHANCIPÁ','14'),('551','GACHETA','14'),('552','GAMA','14'),('553','GIRARDOT','14'),('554','GRANADA2','14'),('555','GUACHETÁ','14'),('556','GUADUAS','14'),('557','GUASCA','14'),('558','GUATAQUÍ','14'),('559','GUATAVITA','14'),('56','EL PENOL','2'),('560','GUAYABAL DE SIQUIMA','14'),('561','GUAYABETAL','14'),('562','GUTIÉRREZ','14'),('563','JERUSALÉN','14'),('564','JUNÍN','14'),('565','LA CALERA','14'),('566','LA MESA','14'),('567','LA PALMA','14'),('568','LA PEÑA','14'),('569','LA VEGA','14'),('57','EL RETIRO','2'),('570','LENGUAZAQUE','14'),('571','MACHETÁ','14'),('572','MADRID','14'),('573','MANTA','14'),('574','MEDINA','14'),('575','MOSQUERA','14'),('576','NARIÑO','14'),('577','NEMOCÓN','14'),('578','NILO','14'),('579','NIMAIMA','14'),('58','ENTRERRIOS','2'),('580','NOCAIMA','14'),('581','OSPINA PÉREZ','14'),('582','PACHO','14'),('583','PAIME','14'),('584','PANDI','14'),('585','PARATEBUENO','14'),('586','PASCA','14'),('587','PUERTO SALGAR','14'),('588','PULÍ','14'),('589','QUEBRADANEGRA','14'),('59','ENVIGADO','2'),('590','QUETAME','14'),('591','QUIPILE','14'),('592','RAFAEL REYES','14'),('593','RICAURTE','14'),('594','SAN  ANTONIO DEL  TEQUENDAMA','14'),('595','SAN BERNARDO','14'),('596','SAN CAYETANO','14'),('597','SAN FRANCISCO','14'),('598','SAN JUAN DE RIOSECO','14'),('599','SASAIMA','14'),('6','MIRITI','1'),('60','FREDONIA','2'),('600','SESQUILÉ','14'),('601','SIBATÉ','14'),('602','SILVANIA','14'),('603','SIMIJACA','14'),('604','SOACHA','14'),('605','SOPO','14'),('606','SUBACHOQUE','14'),('607','SUESCA','14'),('608','SUPATÁ','14'),('609','SUSA','14'),('61','FRONTINO','2'),('610','SUTATAUSA','14'),('611','TABIO','14'),('612','TAUSA','14'),('613','TENA','14'),('614','TENJO','14'),('615','TIBACUY','14'),('616','TIBIRITA','14'),('617','TOCAIMA','14'),('618','TOCANCIPÁ','14'),('619','TOPAIPÍ','14'),('62','GIRALDO','2'),('620','UBALÁ','14'),('621','UBAQUE','14'),('622','UBATÉ','14'),('623','UNE','14'),('624','UTICA','14'),('625','VERGARA','14'),('626','VIANI','14'),('627','VILLA GOMEZ','14'),('628','VILLA PINZÓN','14'),('629','VILLETA','14'),('63','GIRARDOTA','2'),('630','VIOTA','14'),('631','YACOPÍ','14'),('632','ZIPACÓN','14'),('633','ZIPAQUIRÁ','14'),('634','BARRANCO MINAS','15'),('635','CACAHUAL','15'),('636','INÍRIDA','15'),('637','LA GUADALUPE','15'),('638','MAPIRIPANA','15'),('639','MORICHAL','15'),('64','GOMEZ PLATA','2'),('640','PANA PANA','15'),('641','PUERTO COLOMBIA','15'),('642','SAN FELIPE','15'),('643','CALAMAR','16'),('644','EL RETORNO','16'),('645','MIRAFLOREZ','16'),('646','SAN JOSÉ DEL GUAVIARE','16'),('647','ACEVEDO','17'),('648','AGRADO','17'),('649','AIPE','17'),('65','GRANADA','2'),('650','ALGECIRAS','17'),('651','ALTAMIRA','17'),('652','BARAYA','17'),('653','CAMPO ALEGRE','17'),('654','COLOMBIA','17'),('655','ELIAS','17'),('656','GARZÓN','17'),('657','GIGANTE','17'),('658','GUADALUPE','17'),('659','HOBO','17'),('66','GUADALUPE','2'),('660','IQUIRA','17'),('661','ISNOS','17'),('662','LA ARGENTINA','17'),('663','LA PLATA','17'),('664','NATAGA','17'),('665','NEIVA','17'),('666','OPORAPA','17'),('667','PAICOL','17'),('668','PALERMO','17'),('669','PALESTINA','17'),('67','GUARNE','2'),('670','PITAL','17'),('671','PITALITO','17'),('672','RIVERA','17'),('673','SALADO BLANCO','17'),('674','SAN AGUSTÍN','17'),('675','SANTA MARIA','17'),('676','SUAZA','17'),('677','TARQUI','17'),('678','TELLO','17'),('679','TERUEL','17'),('68','GUATAQUE','2'),('680','TESALIA','17'),('681','TIMANA','17'),('682','VILLAVIEJA','17'),('683','YAGUARA','17'),('684','ALBANIA','18'),('685','BARRANCAS','18'),('686','DIBULLA','18'),('687','DISTRACCIÓN','18'),('688','EL MOLINO','18'),('689','FONSECA','18'),('69','HELICONIA','2'),('690','HATO NUEVO','18'),('691','LA JAGUA DEL PILAR','18'),('692','MAICAO','18'),('693','MANAURE','18'),('694','RIOHACHA','18'),('695','SAN JUAN DEL CESAR','18'),('696','URIBIA','18'),('697','URUMITA','18'),('698','VILLANUEVA','18'),('699','ALGARROBO','19'),('7','PUERTO ALEGRIA','1'),('70','HISPANIA','2'),('700','ARACATACA','19'),('701','ARIGUANI','19'),('702','CERRO SAN ANTONIO','19'),('703','CHIVOLO','19'),('704','CIENAGA','19'),('705','CONCORDIA','19'),('706','EL BANCO','19'),('707','EL PIÑON','19'),('708','EL RETEN','19'),('709','FUNDACION','19'),('71','ITAGUI','2'),('710','GUAMAL','19'),('711','NUEVA GRANADA','19'),('712','PEDRAZA','19'),('713','PIJIÑO DEL CARMEN','19'),('714','PIVIJAY','19'),('715','PLATO','19'),('716','PUEBLO VIEJO','19'),('717','REMOLINO','19'),('718','SABANAS DE SAN ANGEL','19'),('719','SALAMINA','19'),('72','ITUANGO','2'),('720','SAN SEBASTIAN DE BUENAVISTA','19'),('721','SAN ZENON','19'),('722','SANTA ANA','19'),('723','SANTA BARBARA DE PINTO ','19'),('724','SANTA MARTA','19'),('725','SITIONUEVO','19'),('726','TENERIFE','19'),('727','ZAPAYAN','19'),('728','ZONA BANANERA','19'),('729','ACACIAS','20'),('73','JARDIN','2'),('730','BARRANCA DE UPIA','20'),('731','CABUYARO','20'),('732','CASTILLA LA NUEVA','20'),('733','CUBARRAL','20'),('734','CUMARAL','20'),('735','EL CALVARIO','20'),('736','EL CASTILLO','20'),('737','EL DORADO','20'),('738','FUENTE DE ORO','20'),('739','GRANADA','20'),('74','JERICO','2'),('740','GUAMAL','20'),('741','LA MACARENA','20'),('742','LA URIBE','20'),('743','LEJANÍAS','20'),('744','MAPIRIPÁN','20'),('745','MESETAS','20'),('746','PUERTO CONCORDIA','20'),('747','PUERTO GAITÁN','20'),('748','PUERTO LLERAS','20'),('749','PUERTO LÓPEZ','20'),('75','LA CEJA','2'),('750','PUERTO RICO','20'),('751','RESTREPO','20'),('752','SAN  JUAN DE ARAMA','20'),('753','SAN CARLOS GUAROA','20'),('754','SAN JUANITO','20'),('755','SAN MARTÍN','20'),('756','VILLAVICENCIO','20'),('757','VISTA HERMOSA','20'),('758','ALBAN','21'),('759','ALDAÑA','21'),('76','LA ESTRELLA','2'),('760','ANCUYA','21'),('761','ARBOLEDA','21'),('762','BARBACOAS','21'),('763','BELEN','21'),('764','BUESACO','21'),('765','CHACHAGUI','21'),('766','COLON (GENOVA)','21'),('767','CONSACA','21'),('768','CONTADERO','21'),('769','CORDOBA','21'),('77','LA PINTADA','2'),('770','CUASPUD','21'),('771','CUMBAL','21'),('772','CUMBITARA','21'),('773','EL CHARCO','21'),('774','EL PEÑOL','21'),('775','EL ROSARIO','21'),('776','EL TABLÓN','21'),('777','EL TAMBO','21'),('778','FUNES','21'),('779','GUACHUCAL','21'),('78','LA UNION','2'),('780','GUAITARILLA','21'),('781','GUALMATAN','21'),('782','ILES','21'),('783','IMUES','21'),('784','IPIALES','21'),('785','LA CRUZ','21'),('786','LA FLORIDA','21'),('787','LA LLANADA','21'),('788','LA TOLA','21'),('789','LA UNION','21'),('79','LIBORINA','2'),('790','LEIVA','21'),('791','LINARES','21'),('792','LOS ANDES','21'),('793','MAGUI','21'),('794','MALLAMA','21'),('795','MOSQUEZA','21'),('796','NARIÑO','21'),('797','OLAYA HERRERA','21'),('798','OSPINA','21'),('799','PASTO','21'),('8','PUERTO ARICA','1'),('80','MACEO','2'),('800','PIZARRO','21'),('801','POLICARPA','21'),('802','POTOSI','21'),('803','PROVIDENCIA','21'),('804','PUERRES','21'),('805','PUPIALES','21'),('806','RICAURTE','21'),('807','ROBERTO PAYAN','21'),('808','SAMANIEGO','21'),('809','SAN BERNARDO','21'),('81','MARINILLA','2'),('810','SAN LORENZO','21'),('811','SAN PABLO','21'),('812','SAN PEDRO DE CARTAGO','21'),('813','SANDONA','21'),('814','SANTA BARBARA','21'),('815','SANTACRUZ','21'),('816','SAPUYES','21'),('817','TAMINANGO','21'),('818','TANGUA','21'),('819','TUMACO','21'),('82','MEDELLIN','2'),('820','TUQUERRES','21'),('821','YACUANQUER','21'),('822','ABREGO','22'),('823','ARBOLEDAS','22'),('824','BOCHALEMA','22'),('825','BUCARASICA','22'),('826','CÁCHIRA','22'),('827','CÁCOTA','22'),('828','CHINÁCOTA','22'),('829','CHITAGÁ','22'),('83','MONTEBELLO','2'),('830','CONVENCIÓN','22'),('831','CÚCUTA','22'),('832','CUCUTILLA','22'),('833','DURANIA','22'),('834','EL CARMEN','22'),('835','EL TARRA','22'),('836','EL ZULIA','22'),('837','GRAMALOTE','22'),('838','HACARI','22'),('839','HERRÁN','22'),('84','MURINDO','2'),('840','LA ESPERANZA','22'),('841','LA PLAYA','22'),('842','LABATECA','22'),('843','LOS PATIOS','22'),('844','LOURDES','22'),('845','MUTISCUA','22'),('846','OCAÑA','22'),('847','PAMPLONA','22'),('848','PAMPLONITA','22'),('849','PUERTO SANTANDER','22'),('85','MUTATA','2'),('850','RAGONVALIA','22'),('851','SALAZAR','22'),('852','SAN CALIXTO','22'),('853','SAN CAYETANO','22'),('854','SANTIAGO','22'),('855','SARDINATA','22'),('856','SILOS','22'),('857','TEORAMA','22'),('858','TIBÚ','22'),('859','TOLEDO','22'),('86','NARINO','2'),('860','VILLA CARO','22'),('861','VILLA DEL ROSARIO','22'),('862','COLÓN','23'),('863','MOCOA','23'),('864','ORITO','23'),('865','PUERTO ASÍS','23'),('866','PUERTO CAYCEDO','23'),('867','PUERTO GUZMÁN','23'),('868','PUERTO LEGUÍZAMO','23'),('869','SAN FRANCISCO','23'),('87','NECHI','2'),('870','SAN MIGUEL','23'),('871','SANTIAGO','23'),('872','SIBUNDOY','23'),('873','VALLE DEL GUAMUEZ','23'),('874','VILLAGARZÓN','23'),('875','ARMENIA','24'),('876','BUENAVISTA','24'),('877','CALARCÁ','24'),('878','CIRCASIA','24'),('879','CÓRDOBA','24'),('88','NECOCLI','2'),('880','FILANDIA','24'),('881','GÉNOVA','24'),('882','LA TEBAIDA','24'),('883','MONTENEGRO','24'),('884','PIJAO','24'),('885','QUIMBAYA','24'),('886','SALENTO','24'),('887','APIA','25'),('888','BALBOA','25'),('889','BELÉN DE UMBRÍA','25'),('89','OLAYA','2'),('890','DOS QUEBRADAS','25'),('891','GUATICA','25'),('892','LA CELIA','25'),('893','LA VIRGINIA','25'),('894','MARSELLA','25'),('895','MISTRATO','25'),('896','PEREIRA','25'),('897','PUEBLO RICO','25'),('898','QUINCHÍA','25'),('899','SANTA ROSA DE CABAL','25'),('9','PUERTO NARIÑO','1'),('90','PEQUE','2'),('900','SANTUARIO','25'),('901','PROVIDENCIA','26'),('902','SAN ANDRES','26'),('903','SANTA CATALINA','26'),('904','AGUADA','27'),('905','ALBANIA','27'),('906','ARATOCA','27'),('907','BARBOSA','27'),('908','BARICHARA','27'),('909','BARRANCABERMEJA','27'),('91','PUEBLORRICO','2'),('910','BETULIA','27'),('911','BOLÍVAR','27'),('912','BUCARAMANGA','27'),('913','CABRERA','27'),('914','CALIFORNIA','27'),('915','CAPITANEJO','27'),('916','CARCASI','27'),('917','CEPITA','27'),('918','CERRITO','27'),('919','CHARALÁ','27'),('92','PUERTO BERRIO','2'),('920','CHARTA','27'),('921','CHIMA','27'),('922','CHIPATÁ','27'),('923','CIMITARRA','27'),('924','CONCEPCIÓN','27'),('925','CONFINES','27'),('926','CONTRATACIÓN','27'),('927','COROMORO','27'),('928','CURITÍ','27'),('929','EL CARMEN','27'),('93','PUERTO NARE','2'),('930','EL GUACAMAYO','27'),('931','EL PEÑÓN','27'),('932','EL PLAYÓN','27'),('933','ENCINO','27'),('934','ENCISO','27'),('935','FLORIÁN','27'),('936','FLORIDABLANCA','27'),('937','GALÁN','27'),('938','GAMBITA','27'),('939','GIRÓN','27'),('94','PUERTO TRIUNFO','2'),('940','GUACA','27'),('941','GUADALUPE','27'),('942','GUAPOTA','27'),('943','GUAVATÁ','27'),('944','GUEPSA','27'),('945','HATO','27'),('946','JESÚS MARIA','27'),('947','JORDÁN','27'),('948','LA BELLEZA','27'),('949','LA PAZ','27'),('95','REMEDIOS','2'),('950','LANDAZURI','27'),('951','LEBRIJA','27'),('952','LOS SANTOS','27'),('953','MACARAVITA','27'),('954','MÁLAGA','27'),('955','MATANZA','27'),('956','MOGOTES','27'),('957','MOLAGAVITA','27'),('958','OCAMONTE','27'),('959','OIBA','27'),('96','RIONEGRO','2'),('960','ONZAGA','27'),('961','PALMAR','27'),('962','PALMAS DEL SOCORRO','27'),('963','PÁRAMO','27'),('964','PIEDECUESTA','27'),('965','PINCHOTE','27'),('966','PUENTE NACIONAL','27'),('967','PUERTO PARRA','27'),('968','PUERTO WILCHES','27'),('969','RIONEGRO','27'),('97','SABANALARGA','2'),('970','SABANA DE TORRES','27'),('971','SAN ANDRÉS','27'),('972','SAN BENITO','27'),('973','SAN GIL','27'),('974','SAN JOAQUÍN','27'),('975','SAN JOSÉ DE MIRANDA','27'),('976','SAN MIGUEL','27'),('977','SAN VICENTE DE CHUCURÍ','27'),('978','SANTA BÁRBARA','27'),('979','SANTA HELENA','27'),('98','SABANETA','2'),('980','SIMACOTA','27'),('981','SOCORRO','27'),('982','SUAITA','27'),('983','SUCRE','27'),('984','SURATA','27'),('985','TONA','27'),('986','VALLE SAN JOSÉ','27'),('987','VÉLEZ','27'),('988','VETAS','27'),('989','VILLANUEVA','27'),('99','SALGAR','2'),('990','ZAPATOCA','27'),('991','BUENAVISTA','28'),('992','CAIMITO','28'),('993','CHALÁN','28'),('994','COLOSO','28'),('995','COROZAL','28'),('996','EL ROBLE','28'),('997','GALERAS','28'),('998','GUARANDA','28'),('999','LA UNIÓN','28');
/*!40000 ALTER TABLE `municipio` ENABLE KEYS */;
UNLOCK TABLES;

--
-- Table structure for table `pago`
--

DROP TABLE IF EXISTS `pago`;
/*!40101 SET @saved_cs_client     = @@character_set_client */;
/*!40101 SET character_set_client = utf8 */;
CREATE TABLE `pago` (
  `Factura_idFactura` int(11) NOT NULL COMMENT 'Llave foranea primaria de ID Factura',
  `numTarCredito` varchar(45) NOT NULL COMMENT 'Número Tarjeta del pago',
  `banco` varchar(100) NOT NULL COMMENT 'Banco Tarjeta',
  `tipoCuentaTar` varchar(20) NOT NULL COMMENT 'Tipo de Cuenta Tarjeta',
  `tipoTransaccion` varchar(10) NOT NULL,
  PRIMARY KEY (`Factura_idFactura`),
  CONSTRAINT `fk_Pago_Factura1` FOREIGN KEY (`Factura_idFactura`) REFERENCES `factura` (`idFactura`) ON DELETE NO ACTION ON UPDATE NO ACTION
) ENGINE=InnoDB DEFAULT CHARSET=utf8;
/*!40101 SET character_set_client = @saved_cs_client */;

--
-- Dumping data for table `pago`
--

LOCK TABLES `pago` WRITE;
/*!40000 ALTER TABLE `pago` DISABLE KEYS */;
INSERT INTO `pago` VALUES (1,'6541-5616','Banco AV Villas','Ahorros','ATH'),(2,'3216-7412','Banco de Bogotá','Corriente','ATH'),(3,'7891-4587','Banco de Occidente','Ahorros','ATH'),(4,'9874-3025','Banco Agrario','Ahorros','ATH'),(5,'9871-3571','Banco Caja Social','Ahorros','ATH'),(6,'1529-3547','Bancolombia','Ahorros','ATH'),(7,'7894-3574','Bancolombia','Corriente','ATH'),(8,'8752-2047','Banco Caja Social','Ahorros','ATH'),(9,'9874-0144','Banco de Bogotá','Corriente','ATH'),(10,'9551-0034','Banco de Occidente','Ahorros','ATH');
/*!40000 ALTER TABLE `pago` ENABLE KEYS */;
UNLOCK TABLES;

--
-- Table structure for table `pedido`
--

DROP TABLE IF EXISTS `pedido`;
/*!40101 SET @saved_cs_client     = @@character_set_client */;
/*!40101 SET character_set_client = utf8 */;
CREATE TABLE `pedido` (
  `Factura_idFactura` int(11) NOT NULL COMMENT 'Llave foránea primaria ID factura',
  `total` float NOT NULL COMMENT 'Precio Total del pedido',
  `subtotal` float NOT NULL COMMENT 'Subtotal del pedido',
  `impuestos` float NOT NULL COMMENT 'Impuestos del pedido',
  PRIMARY KEY (`Factura_idFactura`),
  CONSTRAINT `fk_Pedido_Factura1` FOREIGN KEY (`Factura_idFactura`) REFERENCES `factura` (`idFactura`) ON DELETE NO ACTION ON UPDATE NO ACTION
) ENGINE=InnoDB DEFAULT CHARSET=utf8;
/*!40101 SET character_set_client = @saved_cs_client */;

--
-- Dumping data for table `pedido`
--

LOCK TABLES `pedido` WRITE;
/*!40000 ALTER TABLE `pedido` DISABLE KEYS */;
INSERT INTO `pedido` VALUES (1,2772400,2390000,382400),(2,13189200,11370000,1819200),(3,13572000,11700000,1872000),(4,68788000,59300000,9488000),(5,1206400,1040000,166400),(6,13189200,11370000,1819200),(7,13572000,11700000,1872000),(8,68788000,59300000,9488000),(9,1206400,1040000,166400),(10,13189200,11370000,1819200);
/*!40000 ALTER TABLE `pedido` ENABLE KEYS */;
UNLOCK TABLES;

--
-- Table structure for table `producto`
--

DROP TABLE IF EXISTS `producto`;
/*!40101 SET @saved_cs_client     = @@character_set_client */;
/*!40101 SET character_set_client = utf8 */;
CREATE TABLE `producto` (
  `idProducto` varchar(100) NOT NULL COMMENT 'Llave primaria producto',
  `nombre` varchar(300) NOT NULL COMMENT 'Nombre del producto',
  `marca` varchar(45) NOT NULL COMMENT 'Marca del producto',
  `referencia` varchar(45) NOT NULL COMMENT 'Referencia del producto ',
  `descripcion` varchar(500) NOT NULL COMMENT 'Descripcion del producto',
  `material` varchar(45) NOT NULL COMMENT 'Material del producto',
  `color` varchar(45) NOT NULL COMMENT 'Color del producto',
  `foto` longblob NOT NULL COMMENT 'Foto del producto',
  `cantidad` int(11) NOT NULL COMMENT 'Unidades existentes del producto',
  `activo` tinyint(1) NOT NULL COMMENT 'Estado del producto',
  `precioUnitario` float NOT NULL COMMENT 'Precio Unitario del producto',
  `descuento` float NOT NULL COMMENT 'Descuento del producto',
  `Categoria_idCategoria` int(11) NOT NULL,
  `Catalogo_idCatalogo` int(11) NOT NULL,
  PRIMARY KEY (`idProducto`),
  KEY `fk_Producto_Categoria1` (`Categoria_idCategoria`),
  KEY `fk_Producto_Catalogo1` (`Catalogo_idCatalogo`),
  CONSTRAINT `fk_Producto_Catalogo1` FOREIGN KEY (`Catalogo_idCatalogo`) REFERENCES `catalogo` (`idCatalogo`) ON DELETE NO ACTION ON UPDATE NO ACTION,
  CONSTRAINT `fk_Producto_Categoria1` FOREIGN KEY (`Categoria_idCategoria`) REFERENCES `categoria` (`idCategoria`) ON DELETE NO ACTION ON UPDATE CASCADE
) ENGINE=InnoDB DEFAULT CHARSET=utf8;
/*!40101 SET character_set_client = @saved_cs_client */;

--
-- Dumping data for table `producto`
--

LOCK TABLES `producto` WRITE;
/*!40000 ALTER TABLE `producto` DISABLE KEYS */;
INSERT INTO `producto` VALUES ('A0001','piano','Yamaha','X300','Guitarra acústica Yamaha de marco en mate azul','Caoba','azul','\0JFIF\0\0\0\0\0\0\0\0	( \Z\'!=!\').../3:3,7+-1+\n\n\n\r\Z\Z,& $,,1,-,,,,,,,,,,,,,,,,,,,,,,,,,,,,,,,,,,,,,,,,,,,+,\0\0\"\0\0\0\0\0\0\0\0\0\0\0\0\0\0\0\0\0\0=\0\0\0\0\0!1AQ\"a2q#BbRrCS3Tc\0\0\0\0\0\0\0\0\0\0\0\0\0\0\0(\0\0\0\0\0\0\0\01!AQ\"2aq\0\0\0?\01)+*+;\"{\0.Ls/C4gBA9Fv:\\MsV+RA䧩K\'e#xbCNQUyӉsV0\ZUi,ቿvOH9yI(\'2VmH<5[Ϫ4Lz\n>ӗq}b#?NĊtQv6f\0iGs]ƞ9ahTWJQprSr\r6#)UVӲ]Mͯ~*\Z\Zٔi|X\rT8^cT\nf[r$e6봮erKjf	P [ȷuo^\nBݎ|O\\UiFgI[ehw\"i0Xp\0>ے\" \"\"\" \"\"\" \"%ԨX݀WV}`\\q	MKEܓ`&W/9sG1CVaN)H\0\0yZ%iOoGGC~,V*T[n-歈6) 4^h7Hѿ\0x:VCkU, 򝟑\rĩޝ@\rJ.Fuu;:wx\\%tli?27u#Oy6X=\r<KLU+ٮOĎ2p~1tԪMG$UTbFܓ|R0B\0|u>;>lEFjW+]h}@v$鴫-z[}0Ãpr.5m92s3?ZFJc%!ck2[B>6\0,RАm魍@o^^GR$,:6KM4Ur%7Q뽮fimA(/r+hC8}	t΍ʞQyg΁Lh5-W^[;򧇴00O]vU?_Vm/DC^V\ry#~#[X|Y,^bB5N<I4o5\0ا?h8:2-5|_4WAY:w q\\V)6zؖ?K>R|֫ߒcΊ?kf\0Gr?s2o.u:iunU\0?Toe%lA:tژS4yWYԇΫ}^kKu@BTw?iR\"*V7vJH!@$\'?t(e1nJj8&V-Ae	QF[7藞Q7^vwnҕU5i2\nA1IAb;kݞ>=W{NJJ2Bs6{ָ:(!	9?kpfGXf\nck\0̫e`A5BtAyn^:ۥqܗQ|u\'p	Zk}ŸZΕjD\"mKFR, :A.^=\ZHQ{X6Oܲc)1*5bٗb1oEcpJ3eQ[e6\0-ir]_Hҕ:w4P\0\0\rsXjWCr-I[T{\'Hp_itzUoAPDDD@DD8Jb\0E$lq؅\01m)&IplUVJ%\nR\Zy%dYܪ-%ZrYI5E7:`\"2ɌqrKE#=*e*\0I	ӹy^B	q|a5WEػ&\Zzsv&mqsl[=Dm1c|)cTX9!a(q.-U%v6!B5hUs@\rO}+/eԺIX%FqgoYq65bUl4.[]~W; EPM&/RٚIBjP4V5AbX*H+\'ҪrjG`U괐El,EնAlà\0E\r>u/r*+`G`7 Zzs/MeONo˾\Zŗ6`9sqkm3p]H\0:a3y|OL+}D@-& 	%-o4\0m )\0ź3%ܟ,IDWINL&X(Φ\"fEjkm	OS[oˊyf-W|:ESB%k&kfvuorg8\"TAO&\0.He*t7>rj.L{ٟnF`H|;Uͬ{y1ZnoiV`\rU[]rbAcoX%`u:^?,	\ZV7ɶoGjap`u	bEEՈ\0ks[ӭYG\\e|m?f;֩Law&k=t\Z1Ƕ\0yŧ.9k;\\}1\0=Õ\0TKi)6Q:\"eAĕa0Zʇ2@+A_P9jL-FU֕1q3~=s_	Jk9x,MzGtU~	9\ZI8Ja\0@PJ&W?iɭ)\r4)EDD\0re05\\*?\ZD%$ =G(ҨZՔٕPAZ9s.6.:(E`MDҨtRNfTw?MfՌ]UN$k\Zo;i+\\\\msK:U	W/yp̉TREZ58nц|s+׷,/qt\\!!p!xdRW68lYǱ6+nomslK\0\0 6\0x?\'-ZL{I\Zw]\\V,-\n\\LV\0Al|bޤ(=,B5Q2̌r0苅}\0_&^DDD@DDD@DDD@DD=p[b[>+Ο,4*5\"ZR6+#.TpQ71qKNc)M\Z3U}J3_Y%IFq$E۫?Jue;5ZUłI{/kaa,rfYˌ	2JH0g3،q̿B_5緽KElk\nA{65lzvO~#%\0(\0\0\0\0cƍ~ahƞwvp-~o.NK29t	[wg^P$&ucmcqJf{+Jړdu*O)s.ž1q&^TV$I5iRn`EW٤o$\0 ZRRU㍨y}ɏdk~E=nH7ձCa=)װS8<55EP@\n\0	,W2r.8?Z(\0,\0\0\0\0\0t#!$D@DDD@DDD@DDD@DDD@DD<LMJI~MzM xʽJ)a0;\0-\016aT(\0;\0m;bC\'82k`o2h]j\rI!c#-ߤjRfG[%#̩msۦd;F-\rKzj?B?KA-RSTD\n4Qӹ=w8),-$TYGIIa D9p՛ɆID#\0T8;W\0r-k\0ԞQG6+aڝ$n\\%l0\0#$Z`zSk]@DDD@DDD@DDD@DDD@DDD@DDD@DDD@DDD@DDD@DDD@DDD@DDD@DDD@DDD@',5,1,150000,0,7,1),('A0002','teclado','Dreadnought','F200','Guitarra acústica Dreadnought  Son las más grandes, guitarras con mucho cuerpo y con mucha “cintura”, son un poco incómodas por su tamaño','Cabo','Amarrilo','\0JFIF\0\0\0\0\0\0\0\0	( %!1!%),...384.7(-.+\n\n\n\r\Z,\" %,,,,,,,,,,,,,,,,,,,,,,,,,,,,,,,,,,,,,,,87,+,,7,7,,\0\0\"\0\0\0\0\0\0\0\0\0\0\0\0\0\0\0\0A\0\0\0\0\0!1\"AQaq2B#Rr$SbCcs3\0\Z\0\0\0\0\0\0\0\0\0\0\0\0\0#\0\0\0\0\0\0\0\0\0!1A\"Qa#\0\0\0?\0(PU.ǽw_NVTskS{O)\0@7%WYէD=Ķ)4̒[!X:.n7u>TD]pDDD@DDD@DDD@DDD@DDD@DDD@DDD@PŨ,u٨qc	PYX{z׋6kt;ݭ68sIxh/ϔplo.حjZLX-%h.-p,-am	Ns~\ZRewY3̗kcr!C̬1\'hR\"\"\" \"\"\" \"\"\" \"\"\" \"5l6!M2>Rˏ\r.gnamXum,2y인bE1)J9TEoe$Kj:neU\n\nvis\Z$NFsSEѦd4忂kj5ڱOm)\r«HIESlWڰv3pևd>c*`.lZUޒ4j&BYlΪNهm\r\ZO9גf:\0 Bw*;zy5*W%!:_P\0Mz<\0I0\0NE^.9!ֶm)|rH6%hNaE6ol\0B<rS\0sc烶\0HkKK|v\"dq?[I>;@U*\\@RIxK[gX4􂸾 Ŷy9So?Z	b~o;a!֓Ft&c\\xPDyrg]J2y~9-]/O&i>˝VlZd\rIaAJn0j\05%N\\D{X0fzNk12#bد;!ǯiͦ<\0*4FS\\@ѽ	ҠLwnp+e=k^yUy햺tiW6s4u$칎#I	v6A\0	cs3kZft\"&SCf\r&rqUy\r\\%Źhc_\Z\03W-&G9⭡X\\2 0(|jjkh#Z\0>dhM\'g,lK<dubF\Zlx/ie,e׽tNcHwR\'	9:fHѻ`\0%t˺DOU*6Gg`FgRtD\\DDDD@DDD@DTqݤYȯi\0	ƫ9.[h]f_A-|n\\y&NLj3gbM+T@	ӀnvVf\0ѷ\0|6ߴhMp=Sh|L=C\'OYT׬\0@	\Z\ryγ<n?Iu#OW5O|͸꟔.}GG}D5\0<N@w4WB]X3QJlGYjWܬ;s1y­d5wVm1[OM:o\0jOHXf姾<5G`k9+S3\rEk0Nh9kF§3}G(¹NNʖhmF?΄붪uxkZޕ\"je!ź\'srh\r1m3თ._-z8ܡ<Z!崲j,uRC\ZcL!eJf\\sCzÇ3Vk3_\\RnavcFm\nD5qlDC-ϊ6b<B\'qa֒qx\"@T4K@fo\rڮ+l\rz\"\" \"\"\" \"\"\" ᝫ,O\"tY;Λy-mX+3FgNك\'ɾaq+-6cw=9jUΙlv\'T7W8hI<:pіA~w<7UX߅#3w2ØZ`I&\\|CpkX.\nb],\\\'N۝Ed7i2HBMG\r|K[D-\n3,^QasE#Ysj=]M3[^Ұ<g>P88\"\r*hF`m:lA Fަf}@bvs\0ӕ߸ޫԡVxb4uBl\rO-L?s䙝CYOXI}G\\^nKKY\r}G\Z=۳HmB$Ffm-m\'6\0$DC-q7[+_hoݎy[Vwt;=2Yf#1@&FW\"I\0Ť4g5ھng\0\'7\'8N5,Ij.3G@kTRkc~8ma鏴f´4KF\04\nN\0 lW-\"\" \"\"\" \"\"\" \"\"b;+5[EOG0=Vq\0B^崬Vk;]Leh>O\\CׯVhuJ5J.q\'a_jE:CtzA,T$4Gxynw.Y3_=boM9_mwܗxkFB\02șG¼W9X\\-qX\\w>\0uWGU.[(BCj6$O|`ƇC]:7Ehk9G~0>7@:\r\'H: G0DBM>%-qټ$yF;Cbڠ/kkvx3=٧ѓV+}ΥqXcZ,Ij<Y%j)KF\\0!!~65*A+W4kǛ5LӭLk=\"dt8H %+LȦ\rZ﯑[pr+JY-fZAmJ(0恧x $;sԒ\\ 6\0\0l\0\Z\0?Z@  GX\r:rdk57-n6@SİK{ax\Z\' 38?UkP{>2}sE\Za/G|E=舯cQ|۽R4I-h%NkvasoZ54IΙO;_2[\r )>3^kL._b>JXN0z/3o/	}@YXHYj*+IBQuUE]jvq[~07k\\25ѭ.tM鉨ﬤ٪Ϭ\rhVwY/\'T`Z pӿU*W\0|,5k^PL@wh܀Ko퍛}nTpӯg\0-yA}֖)ѓ؛N}.L\"^Gyynu5}⚕NJRI@\n`*֗ځT)rDhǆaʛ,m\0[\nA.4Ԧ?0z]hhh|t6pHmO\0:.ɅmG]\ZN)̼ҳم	VfV8+,nEi*n0Rk6\04\"\\y$r\\څZ}wb)/=,03z,6H6DH>kYt\\,lB]!:w?-f]+}ƽ]JbkI:ey	\'W}Kӝh1OpG5x{Vm-e;4~\":]%w6\0^`J+\Z$ʀ*)++E< *A8͊RC	GފU/-\07\Z]]\Z]O$W)÷vF?1%,{Q[^BҼ2SXq]g3+IUXRZ/i$^)4~6וnw?YWVޙ+UzZ*D`:v!p2I4h\0tU;-6LK\0/K8<%DV(h1MI]:8ᤱg42$|\0}hT$nY}=A+uSzyj-Öq۴8%WC`5\\aE3S\Zm%R\0ܮjf(ځ泚+ر{y^ѿS\\Gl\0(INPzM>vsq`j֧ڝ؜eu0ZU^qii\Z-7✲y_?ENe`zN=\\cRwghH\Z<\0R<<\Z\\DDD@DDD@DDD@DDD@DDD@DDETA*VDm ̯i40?t슐1_NO$֎P\Z>LM Au2Gc:*XNs䟔N-h\r{3X!dRW3',3,1,180000,0,7,1),('A0003','flauta','Palmer','pc12','Guitarra acústica Palmer de marco en mate ','Abeto','Negro','\0JFIF\0\0\0\0\0\0\0\0	\r\r\r( \Z%!1#%)+3.. 387,C(-.+\n\n\n\r\Z\Z,%$,,,,,,,,,,,,,,,,,,,,,,,,,,,,,7,,7,,,7,,,,,,,+7,,,7\0\0\"\0\0\0\0\0\0\0\0\0\0\0\0\0\0\0C\0\n\0\0\0\0!1\"AQ2a#qBRr3b$CSc4Ts\0\0\0\0\0\0\0\0\0\0\0\0\0\0\0\0\0\0\0\0\0\0\0\0\01!AQ2\0\0\0?\0iJP)JP)JP)JP)JP)JP)JP)JP)JP)JP)JP)JP)JP)JP)JP+#\n	bN\0\'TCo[ŵUO!5f*%z־~\'UTw#C\Z2>AMH,c Yw.pYI\08rU?_fk{y\ZGXmR8 y=k˦,?g]Nkrq&~G&[r.3d1{P(% 68\n*}\0]]Hu~y0-lq1qOMJ)1Kxuϣ/qT+KI<J1_3c5yJ\"o3e[a\r1\0j|`RYJRJRJRJRJRJRJRJRJRJRJRJRJRJW+_+=>?;uhco 17qP,0FN#$e s ϵ@t] O:?I xc)\Zg+E$ԱEU1\0a*HbHܕC}oo0$qxQo\0r#Zi_i	 v]QIc9VR${\Zڍp(\0zko\0nՉc9KU6:,ghSr{Q-uEVwH	ݑٸ0w6H=]/J7G8ÆE@e>\0tgӑW/>ǩ_FWI9̀zc\0t1K`,~:2:4bLұYfJfYfJұYV	z~%[NfT^%vO\0Nڨ}{/صӂs<cGs,YIzêH 5<ږʲCpŜrԮ/IEnrn^#`I\0һT\nR\nR\nR\nR}K0rZC;]T8uWXM|lgT-CQkxv+)(qN7{TcJxDm$e}bN	!RR/&q}>VQ,rxy\0qp9#\\L%y$Yi%#KX^rrBθimG>\nCv}2\\Z±Ct0Bާc+=qLojܴgpg9cΪ6Ax4atWËm6Apei_\"(#TLTSI}JL]VM4RI\"<ێc6JKms,b<(vXNm-5شn8cv5Kw9\'SxҔuVkf?4@VQ=9QKڦ[7n {m7kW*̕mїEq$Dɨƭ~Yg8bcP}7g\'RjA|C!ԠݖV01>IA  ؃k]/H6W@+ʟҬ-#cv]P}Uw?6VR̾wSv^hYd2U\0 egm=!y&f!UGe$Γ\\^[gv$*\"ZI=I5atøYU=8̛\rq\ZKE\Z2 ]bv#Gi\\=o\rm`?6k= rIZB_}N::{VL2?`9+mW+gO*AX=ic]@t\'ه^~}:uv݂C.;5Wfj0[Fe8#F?zP,m`0mF2v<v$Tf\n2Y\0rOjl-NX/ʰ\"/3qH횪~[к{A{yrC60\nҷrK3)#A0_e FdsbO|d:Y_p|-DM${yx=ki!X%-؈1q	»(O1Lz1>whw\nbG5)>^Bb$I)WE`dp9\\8jֳYFXTQR/ޡ}&|*堞pR3aG0[d.1us#yO>U>];DwcuȕeIBF(L\0ҁJRJRJRU\'?ONa©suQaqx,?3pgUtNYAZk˩#Ec˹$(\0ETWI\n1ja|>mܞm]^EGo*>H#6<.\0mb>sw.\Ză8TF}OZ]Ȃi L9y$#j~kIƇ1ʐhV5#_Gp$:Xi2pB+t,de1\Zٮ4#f\0kJxʩc\'.87GAj\"YGɒ6[=hKڳ>΋#w<!]0O%Cr)mNdMKߌYBrPȤڍ!Pyc`m+4ke*}f~.\0\nW\Z5SZXqG8Hx]T4Np	r[Lӕ?J}?}WO5MZ<K$ICzZh-aÏe$<qAV,G\rҧ\\^{Ț؆/mn,hLՕazV0$Doi8Q\r#)!Nqo̒K!%eIi27\"dmsԎ1g/{c47/PUD@jOw=խ$Xe>R4u-4sFmh9qFjP4VS,x	*H&83s?rh_n㿐9[ÕE2O)<D|LӊEEq_6Dq3#YwF22;/2118fQٮ<\0񬲅2;R1g U=}o_\'=OT3}cb#%ړ\\E\'ɞn<MIqY\0\rFK&@:Y	D϶s;P@\n`.0n~5?*ݎ8oG_fnC\\h-\n2+\\11T\0\0lU}wRlR\nR\nR\nڡCmKQ8rĞ,x:o1r1_ǒ7>c\resǉ.OR%SlJyC*Uυ3QN$K4\nsHQ\\-Z[Ɏ2\"m%\"=cܒkN^K7l%y?,}k\"Wkە\"YW8cs\0fG!H)DBf</hoP7_d5\0	Ռo\'v42Zf[D[\"pR\n	w#*S#nVR%q/ٯyw#;PcJc^E<7F%.a+$\0Wnrun0$jP2\r(\'e{G5;Kl)4ɍm~d\rM$l8F))tHAdRQÍ]ѱUR~y$ԞZ#\"Y10\nQ^\'X6,K$wx<׿)%,mmsHTɏOMu+:j/PFHLdVo\0)\\QJV(3JRJRJRJRJRJRqqik$?슚Tl8<0eH#Ќb}1ײu%)JTP \0+\"ypAjdsgpK׆Q\0=s^ign}6n->O,1Kt}Ζ\"Ԝq	\Z\rJ	x89\0<\'\\zRC+\0ǱTu9^RYUa${\0Zi\r=[1Ù7BɁU}3pgT\0+y/c.dخH\\I9Qhʣd8Pm$l)xwnyO\'}Qº+ȣ_sRsN}V2ɜ;FNA=-s|;#ɕoO31fӯ<g>=c󮎛$<&&QdX|&[+^˦$w/} E9#y@`|;uˑ@xk!\n0@;bnfwbQ]D\'gPq\"Ժ>\"[βݽFeҠG⻳jkLeWMǫIՉ`=7A*+ĉcJiꖀw[[onH+csJRlRRRRRRRЌb~%-ʶA+s9Vu>՚>JR]Sπ]sݔr]ZPTKfWx6Dx!ۍdݜ.0luD3Y沐 v=*3?bRT\rmrE3pgzA0[nHm%\"\0؞.]>z\0f!v)bv>8zTn>{\Z\0$Cʿjԭxeۂ}˴MTљY6#nVF91=dI><Ƹ5E$H\0IN<+ڸڹ=B*.P]]JVpA79֥v!ڐZ(7DWlJ\Z(|ٞ_:q0#|6}}\\`ڠ^\0\0Ǡ\0S][=2?7b$W9铎O\0w{4&gP9}`BKL>cCZ}5szATZQ7/S2*n\0(\0\0\0\0v\0Tk]^sꔥJR\nR\nR\nR\nR\nR\nRf[-(Ee@rbi0=2)]epH# OS>%͔5u\'9ڊAhd&+jQҔdRRIQDpUe T_tMiI47UcP<rwTO]ԮYfwpi*x-ۤMx#zE[i2vz<gaPG}1\\^{ME!ܙCEϱGЂ+?|l.M% YY_\0\n\"W\r%ĪL	?*XtXMƸ\0ZC$\0\Z9Uu߈h}6on(\\=Z}gv\'h0pI#l66A\0ҺbSIǂYĿ,Q?^ViGJR\nR\nR\nR\nR\nR\nR\nR\nR7Thlll\"ֲ( nVc]PWm(b61B4s/̇߸ [uZ$dEq@yO~Ts,o#5&ܭ*VSʰ9AoX<{Ҕ)@)GJRp^ƚK}DJk~dؕ-9G\'z}v*8QcGM1>4)JP)JP)JP)JP)JP)JP)JP)JP)JiJPbPb\ZM\n;cǅX.00cPWw#4eZǋo(2gv+)*q5R]cDP\',*1hϺH棓c$zcR-(?u+敧%?߷DO^NSCF\'5]u)\\Gυp5#R]Mi.Y?K?D5ÕZ2^k(s8zAow3]hqkу*-a:itшH#\\Q\'ܓ\'SuևNh+fK&!n\0òHUIViPХ)@)@)@)@)@)@)@)A)@)@)A',6,1,130000,0,7,1),('A0004','Guitarra Acústica Sevillana','Sevillana','s22','Guitarra acústica perfecta para una persona que es pricipiante tiene color natural ','Palosanto','Amarrilo','\0JFIF\0\0\0\0\0\0\0\0	( \Z%!1\"%)+./0 383,7(-/,\n\n\n\r,% %,-,,,,,,4,.,,,,,,,,,,,,,,,,,,,,,,,,,,,,,-,,,,,,,-,\0\0,\"\0\0\0\0\0\0\0\0\0\0\0\0\0\0\0\0A\0\0\0\0\0!1\"2AQaq#BRb3rCScs\0\Z\0\0\0\0\0\0\0\0\0\0\0\0\0+\0\0\0\0\0\0\0\0!1AQ\"aRq2B\0\0\0?\01\0DDD@\0DDD@\0DDD@\0DDD@1x>\nOVdD$\0|\n≈ie#M/>1Kj]8:<Iao9\n,U<=AjtQYSwu\Z_S9˞a^ukM66C4Ii~ _N\'F3\0]E^gI^$uK1PmʣQxZi,͕E·OҧļrZu\\?J-^.RB2	O\r|ƵG\0{ܝY}īW]7F\'Vʨ\\ShmrU8%0P\" \"\"\0\" 8RSRib|Է4Q\0\rjZlٞNe8ǶJ}Ț!4G!rl2dE֢e>:.qk\"\'D\"\"\0\"/\0D\\^o^Rو*HOIZMX{\ZBXB$[s]z.R+\0%ê5]Ξsb̯W->[uNo+ƩO} q8v{_Yϼqt(BFb\Z./esmk\'*.;s3y\Z8\"&Zu*@4b\0inqLB{RM\r\ZNO-2Hr`p\'-ګTژ*O.ˮ\ZƒtmWSGlKmcIV>3{F\0W^UmiaU\rtr/cia,39lK6.mV#\'p4-V1}\0\ZJk`r&y)DDL\\oD^E}0\rϴ*&5\0\njjΡ_<TpYTLG$Xh̕{ڰ?zsAZBR\0Hi}u֙o//\0ܸ~qF\0v鯹/&-\ZP&-^aÕ/\"D=JOHjURB$\0$s/R_Zh_z\ZZ\r~B-%?73#,dc.PjGy(#,g)9)kLzX\ru|n4ҷ]Y$\'&\"Unte`lù3$+bƅ:Qśy&$\ruUYTج< ,	&nNz\Z+wW{kQO6dDxc1)z(8<Me?ê[fj\0NYbUը{W$osP;Rr]\Z$:>5bv?Cn32Sqe \nȵ.[q߿FOwRKP-qqmu]mLS%nrEѪ캵Rv wnara`\0snis\0*$[~m߂.6*bj\0%wc@\ZJǄrYګԛxh=&#mj_Qh!*u딱mvu|\n%J_P\'E#<oC9GFP5Pkf`@Mm4|p5ad\nc\'Q\'j+s!hҠQR,&]\r9ĜNCҐ!)btyY\\kܝ9\"\"Zp\'/U$+BNrLb%J]iS=w\0HQ}9eVxFF7֮mFz_qǭf\Z,K9sO@ûQeǱTadKŦ|d,JZ\\\r$]q,9 ip7;חLdšaDZZ&)Rv6Q&Ot0*~C!%\\/\Z+QQt.GmO i13*^ցa\ZmWuMGE.Y;ݷ%:kt%ZjK%Syv]JSG\ZP;;Bĺ-)qKP[ȻI; X͠F5Ｐs!]|y_6;d81]GVS5jPrjX҅Қ@W)$k0-c:ߔi`}{SucT4h>,;$.P{3eDԣc><%jukV^[%,vhN\ZR>*Vk^\\\rI4`i\\1sm2ӎezr_kre7NBN\'&a0JRkUFP\0HC%9KD@\0DD/)Zz+ߤLPT[SUp?̀\'}Q@	Y[A3)iKEJ Im曙x!r[\0E>\0H\\7rd/\\2\0+}ƾc:	[x8$P@ǫM5뷎	\\镛ev5jݙ;(<wŻQESaTI\n\"@d$*Ko֣h>SбfP7.<\Z<@I4R=f=cm!>W[sZxSfw>Aj-<dUMq<Zʥ}q5؍mT-bU`|{o`I\Zİufe%1Eb+*@].Ѓ>+PtUqf׭3eZNSʫؑm\'}5n~h6W+R9~&:l\r¨%zԋM?ÜMSM0%tzk~RTW-\ZkLx(ĞfLVLo;9/	)uA]I\rbw\"\"\0DDD@\0DD!;,I\rr_RmFi|ݜY/Q}/(emJINqK5ׇ0@FaMw[QmCJU@IC;`@\r\\:+`\".\'ᘡJ..eQ:\')V!E(B/d2j8$2 w<XQ;	sk9<uq4â]M՚m	\"=}ƀ;M1NN%ZXJԤ鰺jݴ,Ec3RnO-t3ۡ5UI#?U}Vﴱƃ67Q}E5˳~v֛_ژ^57TPw%U]˜1X fƥz\\!X\rOjT[6\Z440_PZ7%&ʷ;):)mJc<5$l\'I8r4S{N$flp.$+QNJj\rǡx&{1i9Ȉ$\"\"\0\" \"\"\0\" !O&/%Q#	gsuƓzTIJ\0]\r\"̅RPJ:;h=p&w]^َBs!aT6*F\Zrvñ.\n͗>+(쌯ov>4̌.o}\n8>!okjڰ3mQ9\n7vr}\'Y5+;V{\\W)e|Bq\'\rXwUB:7rv93fܱȣTӷL(s:­lg\ZA_c :.#\'U3_X\rZTp,_Efyf:UR\rJs=n?˄KC-Ŗƕ?2H5X>y`JSQ\0U\0OpƺRnF81*#Ө+P?h\0E7+w\"Dpr֦CwR4eafzvoI9&\rџSĎ\"\'b\0DDD@\0DDD@0xէ{S\Z{0DpuV\Z#ԃ++4ajIFQQ	Tc\nCrjǹx+hDDKĠY(`C,AÜ8a7_5\'Ob<\'Ru)^kY89*+	09]sbQPZ;nmZ#2*J;y**\0so 9I\nَ\\[\Z\\|F)&f%Ţtz?	j߯E1&<0B\'MPVAUU󚧬.9(}>ezr-QSx_D]==18\rY3;z(8~^Fp~Y~=U>oԿl}O6q\0n!N/\\{C/i:STCcF*P-\0s8zdF)a]\"P0¸xO(%%v?6&ʴLSDDDDD@\0DDD@\0M\'5GQvzOT\"s(&)䅫+<*Ԡv^?:Lz歭\'{S%hYxJt*%֔Y I[FF<YٜRT\"Q\0eٜR3Tmu]ΒI¸rLv\'Vsvcøi7i4Ϛ]fk\\%(E۵QMWF61I%`o=@\" \"\"\0\" \"\"\0\" iZWe	TcG#&3Kl:\rZCr̦?K-\Ztl{_F_rFSp{\0p|YKP	[b[yP \'f,)6ʏG׺(g05CԠ-ٛVv՜\rݦѹu<G#- ڻݼ|3\'KDDI DDD@\0DDD@\0DDD@\0DDOĸTcRjEտf-|5z_̢jG=ǰ>=jKat<?A%<]ɀZfvL{fV~jK=oaxiui\"iI\\pQ;#{JU\n(\Z\0\0\0\0\"j)\0DDD@\0DDD@\0DDD@\0',4,1,100000,0,7,1),('A0005','Guitarra Acústica Guild Gad','Guild Gad','F150',' Guitarra acustica GUILD F-150 (OJO no es \"electroacustica\")','Caoba','Anaranjada','\0JFIF\0\0\0\0\0\0\0\0	( \Z&!1!\')+/.0483/7(-/+\n\n\n\r4&$,/-,-7-7-,-,,,,.,/,7,404/,,-/,4,,-,,,.,.+,7,74,77,\0\0\0\"\0\0\0\0\0\0\0\0\0\0\0\0\0\0\0F\0		\0\0\0\0!1\"AQa2Bq#3Cb$4DRScr\0\Z\0\0\0\0\0\0\0\0\0\0\0\0\0+\0\0\0\0\0\0\01!2\"AQa#B\0\0\0?\0@\0\0\0\0\0\0\0\0\0\0\0\nצ;ij`ܮ.kY92TJu01.<0e5ӽ%_imZxkQXpig6|xBq>MF\rRJRI5JP%óu]5ۍҺ络EKsˆ-Mbqq˓/91sJvU5w1cs3Ykv\0-R\0\0\0\0\0\0\0\0\0\0\0\0\0\0\0\0\0\0\0\0\0\0\0\0um6V*(iJ|2J6֫7t,3\n],ꩳOrޮظMg\r&W]*T4mF\\%w[YMz/R³GuY\Zm\Z^yR}oe_h4⩨fǾ{E[*Sv]mV8(Mǡjl^i٨MNNnQ^|oc[m\0H\0\0\0\0\0\0\0\0\0\0\0\0\0\0\0\0\0\0\0\0\0\0\0\0C_+%&$+\0t{WCKMrϫ/<W+^~;ȾSo\0&\0\0\0\0\0\0\0\0\0\0\0\0\0\0\0\0\0\0\0\0\0\0\0\0AzܚZj/_Rt@zޗPVpIW_mӾJRܡz_Ӯ\rK>\0&\0\0\0\0\0\0\0\0\0\0\0\0\0\0\0\0\0\0\0\0\0\0\0\0 }l7Q~ҏ)VO\n\0%\n3v6F%^ОKWF_B(nI}|.^~GId\0+\0\0\0\0\0\0\0\0\0\0\0\0\0\0\0\0\0\0\0\0\0\0\0\0\n5\Z;^u/,{^DoJ[O{EP=8Co>_DqNb\0\0\0\0\0\0\0\0\0\0\0\0\0\0\0\0\0\0\0\0\0\03rm$m+uɠ7\n35˴|Ic[ϳjwoyg_ZIDW$b];rQ\Z\"vB*1*,o/;glW~Ծ|Z,js:4\0`\0\0\0\0\0\0\0\0\0\0\0\0\0\0\0\0\0\0\0\0\0\n?MMld=COn^mc)r$g)m]f5t\0$ِ^Kkb|W([>|0\0ؼLhVleNY,/>/>f\\y9<ZbLvC;]rW>կ?R؛F\Z=Zqkq_\'(\Zߓn<嗸M4᜺-pOǓ.|>&<˺KO~ƿ1twbᦕyZQx$kCYU^w.f?T\0\0\0\0\0\0\0\0\0\0\0\0\0\0\0\0\0\0\0\09c\0uCY\r=׍xŧ?h6KYߔ&UVJr()9*`P^^ 2S-|9%\Z랢Kia5k+\n3xIrd~\Z]9Itڬ߉\"=\\%ݒ_]DOBo_c/\Z#[l_ث(YQ=(Ced]%r^2K},?Q.]7g*hwY:jۉ\'B#e882dtsJ.RTꞃlϲ4wC?w՛Ё\0\0\0\0\0\0\0\0\0\0\0\0\0\0\0\0\0\0\0\nOG%.ֽ\ZQ_^\\MZ= Zm]xe9|aəV?,~.8M4Ӌ$pi?QшKy%)Ux^~\\l˸7vL>ĮXh+ܬ!鼷}a<x/}#:SUIOkUg$_dd_d\\].ܩ$ڒt[1=\0(x4`_u(gj;յI#5/ܙf[\nlUaLNЧKZaljlMN9	oE73xjIIqM&|Q@:#\\iqT|e\"z\0\0\0\0\0\0\0\0\0\0\0\0\0\0\0\0\0\0\0z_شN勵Y8|a_\'p^\'$m$~Ix7I%uݗź^U?*hl0غoxC2y[I<),@΢Ks/fmtSRMRږ0y]qrNYn+/e̯\0>\0e5^?6ދoٓM>iR>+:i2=7;yuO2sXLjk>wqJInn-.\nI͹a<|~5˿fN_3#Rw\ZZAӦ̷7x$)x]=<\\p.%{\\|<>&Nɭ&鵾?akҗ&)~?椔M4kO8U^:C=^͚FmmfÇʵ|gRQ\0\0\0\0\0\0\0\0\0\0\0\0\0\0\0\0C/I/^%bT?vNX-\"okI|\'t݃k낊\"D_+%[*Eb`hWlg̾\"{Bp?,A_y=f&V;FX\r_<g}OMF?2O%ZJSXKKbj`gXc\\YIzƴ0KzgQGS	Td#z&Dvko45Gz\"N\0\Z@\0\0\0\0\0\0\0\0\0\0\0\0\0\0\0_\rsUr\r?	Ġ|$uJ4uK,%!:mN3N^MFK1)ϳ6pdKe&R1Me\\\\HlzcBL3Ym=w#6<;&Kdb]<W\\XL6\\neۗd>ݴ4\0egfQO~۳Q=|r^W9{M|্tfXɒf\0\0\0\0\0\0\0\0\0\0\0\0\0\0\0\0\0*zz*KQ߇%\0}KDœu83ģ%џ>\'Ot=uxwf/V?S-ڼ#g%+:۵PXm!m~:ڵ<=%k`OEs燎[깡<oG^\0j?{Ѝh?I~-&8r}S4mFu\r7U{NNE:\rYQ{Z/*צ<>R:\rнFӹBRkOGRl\rVi!ZIydlZx*+x(a#$@\0\0\0\0\0\0\0\0\0\0\0\0\0\0\0\0\0\0\0\0\0\0\0K|WQv_?@:\0\0\0\0\0\0\0\0\0\0\0',5,1,200000,0,7,1),('A0006','Guitarra Acústica Boquete Luthier','Boquete Luthier','z100','Elaboradas al aire libre 100% en maderas seleccionadas de primera calidad buscando que las tapas armonicas posean alta resitencia ','Koa','Negro Amarrilo con rojo','\0JFIF\0\0\0\0\0\0\0\0	&\Z#/ $\'),,-150*5&+-)	\n\n\Z\Z)$%,,)))*,,,,,-,,),),,,,),,).))),),)))*,),,,,),,,),.,\0\0K\"\0\0\0\0\0\0\0\0\0\0\0\0\0\0\0\0G\0\0\0\0\0\0!1AQ\"aq2BCR#$3Sbrcsd\0\Z\0\0\0\0\0\0\0\0\0\0\0\0\0\01\0\0\0\0\0\0\0\0!1Q2A\"Raq$3Dr\0\0\0?\0(\"\"\0D\0\" \"\"\0\" \"\"\0\" \"\"\0\" \"\"\0\" \n\'h.֪F~5qm6˩c$#F<<tʛO5tkx26ᑷ{OseG\"wyI(H|C=_ڝy6WF(8%gC@	4Wq3Q~ԥ0ۓ7e4δKTX.2\\1neϛO[1:dݔ榴n\']|>^ba$Jӧ=t^N=k%\"3-:03?tV}PYd:w+F٨(룕=0s״9\"]pJQ5YE	T񞏞&auw[\0eEC;sC$rF֒J\0\" \"\"\0\" \"\"\0\" !EVn6i0Zl읛\rC\"0G͛Ԁ6-u9zO\"ASFRv|Iɢ\Z+--9#!={xi:pT\"D;oE.Z&ҪzUJ>j%XSM<]EOMSE\\1aɇ``cgO%>=F\Z.x)5SK$NQkHSo3A[9	=f̀b	H쎺qĪK$Iī,6O+,^W\nQH\n/[6xنh}R7Er{b5i|O)Nz+un${21rFoE^±9(#gn->\\U\ZQ*/]3٨ps3ёOhpVRVD@\0DDD@\0DDD@\0Zedq?Y[ehG~3P\Z^.BnσP\\KL/]5j)`XTcE#WZY{glavc]Br<xoa	x\0=#c±O0ac@!ڂo/٠&ELdۂy]`{h~Ԓ\rWVjB/mZ[BkW5P%!%\\_JV3\rI>W[<YvF|g:	sj|NU\0#E{َfac|,:ewU絧P6\\@\'d̂G<][H yG-ye휐YW<i/Wc[$ij<aĎcOXUweMBV]\0^5/\'t_;U}F:SyzGs\rO~,Ǜ}Rj\0ߣ;gܶ9D@\0DDD@\0DT7ߏ|TBt{Xݗkm66aK%mKhk?9 pԕMYc{.!K-2	Uύkk{w\0i\Z\",Ͽ	)?-!q~%?,=apH~\Zf\nuS⭘\'gMR\rAGҷ@jj6e\Z_Рɚ6 \Z?&Pi%:1\0%5Ra=ڐ2V\npDwPzn#p葉{Kq-cNs޸,w[_Ob_#}_YPqڋ7Aa]ҵ~bw\Z\Z\r	>Kj!oS֫\rs@]%ky_-tةd$6X~d\0p]Wy\0v)p|XxTٝ}|Ռ\'\Zd$pyEٱ4:_[/s*FqxO\0TqUfNH r3W/v]]=G\'T(R5OfgVT%\Z<4~Q\0eƬQ<unLIx֑TB4`<z,V>hv<p,A$qGkCŕK-$l@#ֱh~щU6̚=u6FRdf:uS[ΨqGv\"\'=r\0$P@@	(4\Z{{8\0`$\08mǟy-=\\\0+o2kK#,V\0Zޢ@,aǂ\r|7,7Msic`C\nm3Ѥ]:c{4\0iZ4Dֹ<iɐ-Kܣk?F\'zMS6[ѐ8sބ	_sqG\0S3[N3q/M=_Kk럼4Gs<\0K?7I\08\\\0jƵtA:$ݧri#ЏOT?xƈ6H0;\0йzlDJ&e&#D2Yĺم3Q/Z>lp4DzQax1ss[MMkhV3~T}`o#\Z=o\0스ƈޥTR%4esھf_޲8:$zɠ6AعkwfYvF8VWG4s\"<n<->Z]4]:w6sa޷fMryJ${MNSrvddyW\0N)}j)[UO`` 0\\1!<(V\0t\0%\"\Z\\/e_ԱŲE.aŮcQEy]Zkb{L$L6^붪<I3ٜ׺\'hV~;clwb5[ZXꬱ/df3M4e~nuЋ.C	E8.VPZ+Ւ\\\0%KAܢ}:vB\"(\r+HuVQv̓I\n%6t=*\\DTPs\nj)4\\M~KyQd4YtFeK\'rR1#C\Z섖e&3uA,ݑik2_(dA&v\n:H8_ەW6*Nε\'FW&.^(GEɽL\Z^Mխ?EN1\\Mw \0\0%sn|\\n~ucoQ߫k$JU\',_WyU1U |F$7<p~#[$ݗ+sۘy/?+.ZVom }&i<E;,\\jĩa5=\Z)W/T`6ǆ=7WZA購㠶ܦH.3ͥh{ƪV\0&3+=eiP#FV\0UN04N\\n6f܊ʮGcKyvhj*Ӗ886syX/ʾ)0--Sۚ~-05CYTW7<ÜYiN腳qZ2?MiO[&ڔ-\\y6vN<FM3B\06=ݙ$Uu4Jt!H 7D|Oҙ3[5^h]YɔܘI%ĒI7%v7uԁ/k|߀WM52(?8~GBf՜?[gBcS*ڍxռ/E.^#jen=уqw1nl\r\0Q\0zi]Y\06gI?vci?EMha!e+lm  sɡJiL{;/{_4佒wFoe*GSK,i),X!i\r/TAh;g͔Ay6q\r\ry4p(#FӾfI(toxF6=Ghe׸TP`k@Lu_3sl$1bAO:-K\\uΤ8e:[NqcEa;1>ZJaK+2cc\\[p\Z[n.7mZj+Y#ۆ>vGM{-Jژ.CJ\08\0MMF=×`-U͆E m\Z[MfSEY142ܾb:2k8)\n	^\'I˧nl*)6!m\nVwn&K;uJbtYI+QܯhsOE`&ds\\4iV,}N4sԨ[G#5#ccOb`\Z>GI\0:ǉi]WwNjSG\'qmRd	\\qR>8̥p<\r{zCé%8zWw)xq̠\r-5\\Zi.˓i,;XuI<7\'d[Ռ3c7>RR{_Ki|`d~%6gG.uݓdm#Ny_Ɍ:[\'UN鰾	i.T5\\U4\rc\ZƋ55hTs\"\"\"\"\0\" \"\"\0\" !D@yw|hk#h*I;pkɼxXP{kZB\r^\0dokaU8t)ۡg(O8=EJ3O8*HY-QƧ%TLy]RceUuy].%hV4}bʋF4O(ed%vI3\"c{1.qU&a_[VcJe%m-?gոS3i$y6cu}\rP5I~fi[*̙,veTd?8\039Krp3Gz\"˕Y~\rѩ>bV\0ĨY3Gh2y\"v8~Z$BV#%W~WYgor8KkţloՌ/@vnY$uODDD@\0DDD@\0DDD@\0XX\rTF)l\\.<0|FfGG.\0~jkZ\rc֨UŢ:ҹocǱz,+7_oOaTVR3G#X\\W@i:BY;?dgy8&SQ%419nd4@\0DDD@\0DDD@\0DDD@\0DDD@\0DDD@\0DDD@\0DDD@\0DDD@\0DDD@',4,1,135000,0,7,1),('A0007','Guitarra Acústica Vorson','Vorson','sec122','Guitarra Acústica Vorson Clasica de 19 trastes con Cuerdas de Nylon, Buen sonido y acabados impecables','Cocobolo','Negro y Amarrilo','\0JFIF\0\0\0\0\0\0\0\0	( %!1!%)+...483-7(-.,\n\n\n\r\Z\Z/$$,,,,,,,,,,,,4,,,,,,,,,,,,,,,,,,,,,,,,,,,,,,,,,,,,,\0\0[\"\0\0\0\0\0\0\0\0\0\0\0\0\0\0\0\0P\0\0\0\0\0\0!1Aa\"2Qq#3RSBbr$4Cc%DUs\0\0\0\0\0\0\0\0\0\0\0\0\0\0\0&\0\0\0\0\0\0\0\0!1Qa3A\"\0\0\0?\0(}u׺]RЉޭÉPQ#>3~uz}Q\"\'x4{\\2XMC8{׸IQ^sM[Ng:ϵU*	Mq\\}0(%P׋pAUh+QNoAAhlVծZk`!!,HX=jv] .Q(R`\'EYuԪ\"\"\" \"\"\" \"\"\" \"\"\" \"\"\" \"\"\" \"\"\" \"\"\" \"*Uu\r{͚֗8C^6uD0{z!_%Dg<v\nO]BZ1T}g*UkJkUVD ^GN]:kEiףLcU|a9F4@VD5Ejk\0\ZA\\nȂ7rYGfOL#.ZIDh6]U*9@}蝽d*0E#xYN/IR6fmcuj.xz, qTk9tw힝\Z{W)iS׽S[zjtLRwdwSgjMToD?W+?NY)mUbM(2wzf$Vu5;7aok(k\\ǃǱΝ͈|ꂶ\Ztgv=HI4+f+V)\nFNӎD Rbyr;iWȠWWD\ZWEj4˩[i\ZN*W%uVF%\ZIQiVL\rk9Y]N\0%:igƶGH٩uE21&)$vTHS5t.Xy\",Q}!yZD2MEtmKfa,wdѵ̞&Kc7..ᖎJgr?{Qs=ag\r\0Y]JA短D\Z0(ڣbj@Ogf8J5KRF҅/L]{Uv5S\\0/>F0	\r;_\"2MCguˊsԛ6>֝/<Hke*[<7&i.{\"yhd%mu]ٛS?w-SZ8Q\0j/9iqp\\q;of39͎0l^puaN-$\0\nYD^j-¥+!@k	6$5ĸ\r2炴\rO엫[M#ڷF;iw0pwv&\r%KeXcfvA-6e>%OoeLE@ʂ@-{M5ıOilElyYLQՁ\"ݫ,$[A5ҒC]{\\<au(}Sb*Åsan=S	5e\'g/NEmk*&>0A+q؟%NZr\\8fFnl\0.*鼪7?clen00Wٿg*ltZɜoxma~z+冞~98Kf\"ֿ~*[Zs;+ߊ\0H9#xড়%k\r\r!ٳq{P>đևuBs	Z}n6ϥཱི|\\{@S}-鞢Yʥ	 ]ٛu鿜U4#bs3XWCGv3eAUf?>*8Ϧb43$26\ryXrL\"KdL2GIp5]4blOf=buM.۩#RJz ;*-#ع&<x<2QTS:<X\'\rpp:0Z{վk4<Ibqs,tx!u-Z=#bouWxb.Amrvc5:IF=t|v\0 l=+.ѓO,p%<Ocpn\"\r{LJ&\\˛cOֺr._Q+Cj\n&\rbsgƘjjSƽTbW:!\n#h؝rwS3IFobry.\\F#XRsnX\r^UQ刹oB+\nd^]ǝGf̶,\0ɻ;]K\rOrkQ?6\rg\'Qsmvݍe[lk=i`o\0Ľ1m6|ײi8xbsZsn޳JNsѦ8X\r?ZV[l e?e%KE7,z$SS![=wA\\;%7/^\"\'˙O`jus|\0ʵ$094MOrI̹8ASp1oF?(?ٯ6VyCGzt,%@XA\r$,Ga޼;MveS/+A-Ė{نOvsgQώ<yǆ}ٝtn@em\n\ZR9.y05v<q9CАeDkq/oIwyսS^:Cɹcq̋l\0ru[&;c\004\0,Ex$*cC|UZV:^Zӊ\rfQ]_gbm;q4{1\r6YϘ7vf>QU<f)ht5%ؑ\"E]}ftf̨ȴ_;,rUZZ!i>m /\0I*mp>:^}\ZH?ڇwyo<݉¥^Ú#l%I\r̯;_z: xSFn=iwڧ\Z]g\0PˑgZ+.\ZgxoVOndʜuď	X3.Y~pfhWƺH@iŐizwJOkEkFD(ٯpJrmW-VLp:Hql;mlSgqm^̤kLShպJ̖A!suhgY;Z#\"1aIor5P]3$mD@=E \\}EkDY9Ă`=F#ҜW4,IxH9؃ʯY*e\0I pdd\r]m>WLWΓX{cs3Ǭs\'2:ZfǴgsY-؃ݪb\"5ZRk$h\rf E}۰\\ՈH͜kvb\0b%}	C簂\0.Z;IH3mi6Tw;n}z۫LGTJO+]%nÈ|,w-OO!%es|.y/sa,YQs\'/1J1{Ժms\rn?U%Z*\Z2\\Fݘ?H/NJ+O\"UݎSQ9]0eWM/>tį1\Z%Α<ͤ6l;<5ӵϸNUY\nb4-|X{ٽ+]-&Ԧts曷Wx్hT0}ױ\0\'S3+\03^X\0L^I^+YNPu0=W_nFTU2+Z?j06;?YSc	o܄2興}Y6A\\c-M4v9ŌɅNڍ!@byH~68f5v\0tEuD@DDD@DDD@DDZx>\Z:gy,c9i\0f3\";ARBj()s)f7I)\".\\xa\ZA&zixnNݷ#\"[X\0\0p(cO,kZ\\qF]RуJGA1/2/\'L	mM3$55~\"c`A&\0}Em45ǋqE@DE(~t{͜>[ahYfcE`c˙xÕXU3{JY7rH:U{ɋn]=JڥʅS8[`o}WUT:*bZŌ.q\"h=.\n%Ru`lsxjQpIy+Usv5kӬULCw\ZdmU :M7ԁG} WhK\rOci*_)\r$B˵GȣnI+Ħ(hJbnI\0\'pnnI[>MA\'ۯ,J>Y3;XQQ?vcl\r\0v7oEj7F2C\'\nW{|P\0h|=\"\"\" \"\"\" \"\"\" \"\"\" \"\"\" \"\"us,:\n4mg4z倵˳t懊;Cb;\n]wz)^\"6V^؋GYn8NJ$d^-HLN},4fRuR2}45EQ\"\'n1519RNs{1$w :*Lx@fTZwF-/J9F\\zvo$W3̾4rkZ\Zx\'\riҮht撫<}\\[Η[+Sd/];٠ፑlk\Z\Z\nc6:&L#i>|n}#ZTM0.E:G)sV(6Jv8X9[]4ha]IQNO7{T\'\'%\rq>)}kp,SΔك@\nx;YN.m]\"\ZɈj\'1gϙlEeDD@DDD@DDD@DDD@DDD@DDD@DDzlabkK3XkbgR胞T*)UѶ,UL۶Q-sX7h:Ppأx?@iK$Kv7\0]wWKmcBQ̙뤩/Fhu\'4oR>e*9юv|~+<sp2&<FQ6>S X.Ub~Җ&38#ges]	94ѐfHFwoXX֍\0;N\'(i=S8ev|S}p},b*x`i;\\x)ҳ3\"\")@?',4,1,100000,0,7,1),('E0008','Guitarra Eléctrica Fender','Fender','1965','Guitarra electrica FENDER 1965 ORIGINAL DE LA EPOCA','Acrilico','negra','\0JFIF\0\0\0\0\0\0\0\0	( \Z\'\"1!%)+...383.7(-.+\n\n\n\r7% %4,,,45,74,,,,,,,,,/,,,,,,,,,,,,,,,4,,,,,,,,,,,,,,,\0\0\"\0\0\0\0\0\0\0\0\0\0\0\0\0\0\0\0N\0\0\0\0!1AQa\"2q#3BRbrSD$Cdt4T\0\0\0\0\0\0\0\0\0\0\0\0\0)\0\0\0\0\0\0\0\0!1QA\"aq2\0\0\0?\01<A,@\'\0HoxJay{*FY]wcV\n!\0}L\0k</HJHxslBu\0\03\r#p~S捕tg֥(\'S /*\0$|۶h?=Mb>Dxy1)@Ǵܖ2SwL,jz27W`}+O=6\0(@<QrF29D(DDD@DDD@DDD@DDD@DDD@DDD@DDD@DDD@DDD@M_𪻺pګG<o2Yn7^Kv߆?9*Ǹź{OQ\0Am}e]31$ZMIr5Cq1Q&*[Rl<%{9yoT3eNSne_2\0EU|lb]i-O{졏ZeP<g0DK;~VUm nw\0Xw˼V9>dtl{=Lv\'uӤvKkil\rє2FUN>3YeX|6S`YN3N:LONSYݩ0햋uW*cwoiV{@⌼[w/Mv,YI\'̓^Q{KQa+i_ϳs\n\rgf:3.$FJAtWj\'TkSW\r=3hv&SjZ.W^\0I,}}8zvOcLZ[,DJ4GEBe3OM)3l\Z0_Sʸ(	 \"\'3Q\'R	`>Uil*F䢖;uoO|KůB(68oұڃ2WSc%[΁K(q%H<ԞqN2\rko2NOpK{({!U筀KS;#QrUE/Ln# LM6)G@\02N\ZO	j	\0zL$NQ2)\"5QSmj-J@91S;M`z;ܯHuet^<9>ns>MUl]{wo,j\"\"P:`@\0NHRQV˱<Ճs#ůV#)|L[lFMAKo }e{xRUOէ<%{#*a&0DDDDD@Loi5ƓSouXq2R+j(e-$l`dFK^ZU9|U|U/վ3cvSi:y8Ē\rC8>-gʮ&j֦ tn@<,q\"bhSH\rY/OfϸX@Q36FjiJ[SR<b,\0T| oNt*}ڔsa#R_Sǔ*<Ԇ?3ͭ4#Yk듉7WRPwY,wk	e~]ݮ\nY]\ny9vVϻg횁/3dKf$\0	i8r>|jiWӛ}?eW5,Nn)Uv?/3˓6:o\0ܕ=\\ۨoclM_}\0{OTtnQxB#QҩP9 M۔V d%hW9u+js\0~l?6 \nHHͯw73Ս?Br[7<9$qqk(VP#_wp@HG\\v}(#֪\0O¢e*|ZQ[c#S<ڔxlm\r_٥tU~gfG3p|-o#qp,m6+jW.S媰cl\0Wo|iu!5`yQX0dPwvFh4!+.¥\ZjvUӦzLZO%5T/X7Ls|Wg\\>\0IYd깘0;O98On@g!lrw>SW\0~/Jz:U//tU:޳J˾A]|m\0nJ\'_ wYvo;=K:t~lGm@٭xWz3ý%zq=i9Pqx#edy+E4`u;BR]HZ@=;o剭y\0`d4\\HҔ؎ˆق\rT`\Z	@z>|e.^	禅U$TY;?2m 3ǭUǌ#|~umG>M]nU蠳=Erv9bW짴2+hr%kzXO&qs\0z\r_5vWUVX2]a\ZM?P͸<Jm-?\'wI}qXW2=պ#\nخ\\䣀@j+{H`Y$(\0073j-޶`C6AMmn;Srmݮze{ګD6%e8-u\n/Г Oԯxճ;Z:BwOpmn9`9|Am9\0nl7iWnT#{|9뼈/VFh\\i+\"m2Vfhu	͓I\0&,WXzi-\0Im>M[eUzld 1\n3bu=%6ZM|rZӜ6y	$	d .%N`98<d\\gIm:[PCf*{2&Û\0JMLBǵ	qJ{{7nz7Mw\"i\'2%<ܝc̧u#q˿9?toviʊ;P:7hnq,\0m-bďt9nyEYfvG-mC[ڗ8N\0P603-s}-4n*91dtg̛c=p.=mvؚM^S}ܿ7\0pd|oYNU沝_G{dRC8l#̯PXUՕb +I}|!GSʟ0>Hsqgؘ6VN=yFy^~Y\"\"\" $%CD+$rF1\'2#_H-Z̨b\\pG3\"ķKm>7dKb5RO@rǯ]?bxıťrgps,dL}Gԧ}ˏͱ34ӽ+\'Y;$oN#s6!jT2adOx1rLe\0hӻN	9R]p\'$t vˈ ZY̾=_[cإyv\rߓ6㩧6:RԞ%05:F<`I;78_	Cbբ\0\0eQϜ3{GdI6yHquz=F&oGU]u]/F |UL<3>߳NxEx\0D3\'#ᵪ\0s!0?#\0O\06>\Zn#c$g[$Ԏ\'yE}?۞|N9Nx:qݷܓ5p~@|^Ĝݏx\0\'|gl?\0fBgj4ˑl;3oNcװښ[R`ng~rRFY¡q1`||3)>VUELNto):\0<:LJћ~j7=X:]J\0-\0=\0WϡFORКuzӯ\"\0s\\UJ_zI~dRH<%.uzEoOna]v\ZZկgK1Z)@[g>#qKFc3hz>!©ɗ݈U:rJTʘ<zsMӥHZEUP\0\0x\0\'cwog}f:+֎F ufp1垦@Ўoy]#;\0I$l1X~#8[/.:쎄\0>Θo\'r%{+$1TXc$c;`c*W٭\Z:jF|G+me`N)$Jé+OQ.fTWKX?\'|\'Bey}}B\" \'\'؁={*TwTQ5c]c\0Hl|zk]\'Vt?c~mJ;A\raQ+Oyt̍x=hUӒl2wU>iס3]ew\Z#O3?T\nYWRBV2pͶy}q5i!\rY6[,@Gz\r\'@q^k.V[;~g#>۸uqc b5<D9?/k99ˏMKhoZڵU*Q}<{&SJVX;Ԋ+XvIxָ\0+==I8c1nȈ;.\0T̄@(̧\'.>ĵx\'Dd%|\'P\rK˷]񍱿\"\"]\'z[`;\\pkHN|G01Du\'zs5gӇ\0敳Lhբ]HGX3zU/8gֱvJzldd:yk1\rW|OZ()ϡl}dVjAc \r|+i\'|Z&3~vMl\\xS\r9޸{}\\j/k,rX}Is~!S^#|Kږ*JǛe\0mM^n;\n0e}N)6.BYþܑiRO\0^^e3m=ipͳXe<;RYqfzN I .<vGdF2sY51D@DDD@DDD@DDD@DDD@DDD@DDD@DD\rWgU]MK4qԡ;~ꃩVV 9׳\\i$Ϥ*5	SO7|p0|du\'5Ou̼ą@LN=כc/I\'b:gŏ6+!R27mMwӪWΙ*R\0E.oY)3jm>FhQR\0\Zs\'szII{;U؟se$a@bFG=:rg8xg+?\0:򥾢:(̏-_d|\'F#3+~8c\0uf\'eQNqٝEE[5,QGv/7_g>\0u7=żQDwҡ8َim\"*Y)L\\㦛ٷtHZZJh;v\'_~_͓$N&Dtq}p=8\0n3&c40d_:s{<Z2+W5>g\0lu8jw%tFV%^Vǣc.Tc$ҝ-USzrF|qgQct\\;\'MPF\rK9\\͸g#4ۈhkVڼ.b6BiWfR^lۛvF9I[x0;WUKQWGe` v3[fABu6w|Z~8W5DkPO8e[.,ԉ\ZAC=)7\"9=[9\n\0OH]) Qj	`6$\0:L8bΤcONSlX>ly;zd>иB5 QB\r\0Pm;z/>>WRImm\'Ef\0p9ˏq[U7l&\"ek8uZjkTl?˨\"\"\" \"\"\" \"\"\" \"\"\" \"\"\" \"\"\" \"\"\" \"\"\" \"\"\" \"\"\" \'@z~b\"P:O?',2,1,1500000,0,6,1),('E0009','Guitarra Eléctrica Epiphonet','Epiphonet','T60','Guitarra electrica la combinación de sus características de diseño clásico con la legendaria calidad de Epiphone','Plastico','Anaranjada','\0JFIF\0\0\0\0\0\0\0\0	\Z* \Z1!2\"%)+./.384,7(-.-\n\n\n\r,$$4,/45-,,7,4,,,-,,,,-4//,+-///,,,80,,,4,,7,,,-4,,,.\0\0=\"\0\0\0\0\0\0\0\0\0\0\0\0\0\0\0E\0\0\0\0\0!\"1AQaq#23BRrCbs$4Tc\0\Z\0\0\0\0\0\0\0\0\0\0\0\0\0\00\0\0\n\0\0\0\0\0\01!A\"2Qaq3BR\0\0\0?\0b\"\0\" \"\"\0\" \"\"\0\" \"\"\0\" jtbe식@i96TZ♸ѩ07N.oC> =ZA, c`,>Gk2WV!r\rjI>r}Ust!cޥ2i\n\"VR/50.&xإD[*ڢޚ0O/9T*Tְ(xX-rN{ϸEq\nW=!bQ7[[uIܗ|sbC\0R}xԦ1- pARlMzA\"XS$[uVp	Ay]bk-aO\\sko8p_02A6#\'@Gieo86\nO|sf~0*Z&JMucoemZ@t#U\".\ZǱ%\'q\"VSol/\0Y\'ܝ|E7XKR/E}5k-RLEuomۜ?kDD1D@\0DDD@\0DDD@\0DD6Q\rr<-؏a sŚH\0Sj\0zfN2. Lm=P9jP(asau[RX8گ+ e(*rs͖C݃p;T۵Ony\'iom0,#!@O)o\'\\}˔ͥ\0͛%muM[;-oTP)TʧFTy\\;C;5+dgS][t=u^n&ErOLV#&|&1TѪً }5>`/oi1ٛ2JT\Z*iB\ZY<շ_@vfbkkRSgj-VTتePks$;u*Tf&(	af͠<gdNz;3nŘ`,3;>c,IT|gR_?8rr6nR}x*!n=}ONݲ>⳶oßUD\'3&bUYuU\"\0\0	&5S\ng~˱\"\"m4ņiZVrDٔa)<EeXLWtP\0ʀ5?1?\0+=e+ߒzv_Ɖx(e\Z?(\09ᅫgŇՅGUL~\'nz?YX*jX*۲S!Y1ϵ6<=3VEܞ>U{~IS!g/3\\]N%S`>J`ͼۿsSs{aEcZj̾m8PWrOοYh}Bl2OKVrriSbGPC;[ll\r:4*()>fv/]̫-^1:GDD_Es֨(Oox<;\\՘rokZϡcjc*6TJy3\0X(OworaX|ktm-I4+T[ljf+J;{NbA-]9p5[,тFxQ节`)3/U`ɨ	R =>mk(1v$TSNjX=k\"RuO)ɤA{dۈ)PSvxTP4=\'ѩGF+j#|,d[cؔ|=\ZOXXJubnY;ݟ	1%.QڀA2Bt$^qx\'8+!(4k~b.)͝X]BpKR&Vy\"Er\riv\r2*:VPFT?I~ UucX,C)r:{\\j)FJf&<}I3HȈ ^=稈\" \'`΀jL+/w#d_#)_y;u]j;ODO[տ|;۱RnI$M$O\'Rgpnvz}5tG_I`Bj4tnܭ@ޛ=}CKoi^oU?e|L&ꮶe[Y\0\"Yn3Ě!~\Z݃Uf?ԫkVl@Q*=1ylX1}8SVR]>Y-\0{&q\"@>Lq3׎KZT֕1Q?g8.k良#o\Z]@v 	bB~RNI*T6 ʓjOO2J7 wu~RH@v׭+T\ZlT\0-MPr]yFI]glXeRP@7:km-*|:C\0Xr.H\nyB\reJUjZ\nk̘5Xq]A[iinQ[`HJ4gk~Nژz^79KԻlc=a~J̌QP_pǴJgFu:Ԩ*R),yse⠵	օel*2REy\ZYE\\V\Z\')j@GajKn\ZS)|L5zc3s.v:KSwVϘsfL|G\Z;\rz7oj)Ljff8!ȥ7Üv&S\",C8\noRU6`VX;F(uQ~fљYI:Ht\nG\Z	\"I\" \"\"\0\" rwk	VV<1ʃVI,I$ԒnI6ކaoN\0o k8B=\'Im[/z:\" RH\0\\`<݈̑Ƨ;wzCw(ޡ (:2OANK<QM_sk	UUWSFjQY؛FSDff\nI&7[kr	=\nV[tpjMo{5vQk7#l}Ĭ>b-Exlرce6!Q(L&ͤMͩ1nd:~M,>R	[h\0VQiQZ1/mj\\>\'*\nBkNA0\"WQXZNzܪzT]˥o.(]6fNaVWvVpÔ*UCGjrWPU>*_	kJ^u\'jnCQTRW!\r\\@ )M;EVϙR\\5n#G73w2mB)5:RgPH\ZksY,3a:tM>r+a˯\r	#AzNn!j@`[bE@,~!Ο.[n}%Rq.؆Aa5%9qы?˴S\ZT޵D`kE)ۙϜ	XطP+&)!HJmO\"6zvFJM)/[\"=NfĜp4i\n	^[>ēD@\0DDD@\0DD\nC~qFV\"-\0qeڵb,{+gig?tTWOA`2Pl_ۧCX߇5(a\n2k\0E<0-,8 Vj3Ck˧s/jlkz[#\03ahTv@5B\'1-|c7*p~\Z#3.k« e`mvX7Sӵ+R7Q\"F*1Q^?9\'rqƶ-L fuRC~[^\ri>\\ԟ25F\\j@won<RŊg(Z%&6X~nf/0}Fty,mZҪ-E5v9xc*\\	(\nl  ݏnwNaډ&㙑F@fU\"VLu)^ wy>]q\\&[䬜FERCQe[XzuBI!ezjD5Krpn?C\ZX _0cí<Gi\0YBn{Q4j-U,)֨x>nOGLqN/ST\n7UONn/[	QaIa:iMET{(\0)oܭ6xDDD@\0DDD@\0DDD@\0?\0\0yLZ91ؤ\0Ǩ\0i)z뿙y/}Í/36̹f͗#Ys\Zu2\\݆3hn9@]頻0/MEU1}GY8{GVt7B;*6VM\n2^Qiߍi-fy\\wI6N\"k 1kU\03w])Ϊs.Ss^>R%r+\nrlэ*HTqX0FC¡R	9=s5۱^:Iyl>V$[2~URo/)2IS0c\Z_Fy=DSy$wl٨\0$jzy[o.%*[WC$~jÅmKBZ;wm~؉QWĳ\\\0\'ZT_ѿo7%O6lNA?m{\0n)^Lwh.\\uZoFǼ6\"Y*\"\"\0\" \"\"\0\" \"\"\0oQ5(8-b:8Jeν\Z>6J?Ψ?VJgWX\'o|;T̀M2M\\QezuRa~an$-R1\n8\'caUK!JCSfmr\":n%8)\0̭\\yuTc\n1讍M壊Tn@XTSO!Ђ4,<<κ5c܏S\\bYK-<܊S\0]|MZtJl*8-#1se={Mԯ-3~@~RBյ\ZLV9RyͲibsPEJ땓P,M%mC\r\nR=PXj5G66bq#5\n\\?E&؝[[ߵֳQcS_>L(\n(\0\0\0\0h\0U-SgֶW\'/,Zt-@Tmڎr?J$/X{-+\0.ӌeEU8nH9㡸\0YbxiJ]Z|k.rXktHL57&ֹTS\"\" \"\"\0\" \"\"\0\" \"\"bppBV؏Q?=UݩUjSb<M;?Iʻŭ \0hR\ZX. hOSWUVrMz9|?_+L\ZrOD\Z{\r5e\"e gkUX%oιZߘr8F`A(6\'U6\Z\rA\rͮPpgRӻ\"r}1u`l:o\0!T|jT*iNT\0z0e$*)M,M.ã0uSZm_Ugzv#,9]b<y)S\\t\0:8JDbH+o$3lV9VF\Zqn$ݫ0؛E\nuḤ0o}KNMG #Pg6u<=1JArfnV$͹&\"\" \"\"\0\" \"\"\0\" \"\"\0\" 	0Ue  Gq=Dߍ|\Z|)7\0oŢ .w/T&\rSLO?Ǥv=vtKm_VNnZA_Ε)>o霊4]\"-u\0SiFTrueI}L\0.MlV?E:yL>ݟaT3\0&;Zlr}4ֻ<}5Yq8+KBCSɪwCk:\ZWKtDMD@\0DDD@\0DDD@\0DDD@?',1,1,2000000,0,6,1),('E0010','Guitarra Eléctrica Deluxe Stratocaster','Deluxe Stratocaster',' FDST500','La guitarra tiene un cuerpo fabricado en aliso seleccionado (alder), terminado en uretano en color Sienna Sunburst de dos tonos ','Aliso','Roja y negra ','\0JFIF\0\0\0\0\0\0\0\0	(\"\Z%!3\"%)+.0/383,7(-.+\n\n\n\r\Z\Z,$ %,/,-,/,,,,,,,,,,,,,,-,,,,,,,,,,,,-,,,,7,,,,,,,,,,,\0\0\"\0\0\0\0\0\0\0\0\0\0\0\0\0\0\0\0M\0		\0\0\0\0!1\"AQaq23RS#BCbr$Ts%4Dcdt\0\Z\0\0\0\0\0\0\0\0\0\0\0\0\0\'\0\0\0\0\0\0\0\0!1\"2AQa\0\0\0?\0((<3X5 $ӝ35΋g<d]DV-X.Sfď>hk畵Xeji=Po-d\0U1#({2M/}6тS4%k\ZȻx#\\*=cT0FQ+)#OCمx1)0\r֌oQJ%Z\'`];kVN(g$|nc\r{jb>\Z345-<qxmL:XQٰԲ²urCZlmUOsu\r\r<YR3E\\fk\"\0.Mt>6X{>\'6SQ(4}jNۆEOKU/i-p>%_56\\ǖKUi$~!b}!I9樝9\Z>HimGBj3%3Ol遈t5N?|3?X Z_qF\\7dڦop&[ Ѓ XuML)bu\Zv#ዒƷhO87f..]7[n㛿Xb^C\n͖t:|[*j^\\u\Z+H>erli5$%AZ%g-\"S<1OtjBnO{<BX}E͟B%:|z䇒4] ǱOYU7Z-{#ofZspiuRG=\0PLoTSx0JDKЉ90JnԽ;L8?1}h]U0ijZ*/6NMj^\Z.@8X:5ZvG3?ezJʖ)KqVTXl\r<-wVsTk%Td͔h:VFÁ8xbnzI+hhyc{GY6d8xn;w#=epghkZֆ\0\0F,TDD@;DO\'D.G:do<5# (:0M7ggj()յTyUq6\0jTd}\rqsimZ;;ElV%\'6Xe6ZlέEo3S\rg8qY@+̳5phM}%0cj!˶|ͥTu_G!x\r+5k}]RԲ6aÏ[gg5rWbcepehiWRAOQ9\Z06Vv9ncԁIm헪e\'\r-SD\0RXV¥sDmW-EOLgnbm~>}ƒ~jj*]\'kP<A>kZcN-zgnzPSm6ݮqpۊ;`GZbƿ71}R~k~x}}ۀDVf\"\"\" \"\"\" \"\"\" \"\"\" \"\"\"X\',ϸ #QNHCkDC\09&E+dnqc^A]j*[PӷH?б-wI 0O8 8$VVqyIхlՍѬf\\dJz%sW4տëtB>S\\щdsY3M2\n|Q6ط\\M7$-ٍ7z80eВ[\0f:z0A vܞ6\rOf~+>I/ݛ5;̜̫ZF9\0>&k7H<dƹ@NEqVR;8d;❛#?擷.<8aaFKdݐeL!w]K#T6cٹ{\"4rSa?j#Tmeݎ2nn{TM$6cٹ{7$08[D=.eZ^.\\l69I:cL>]5FY,g\Z,Ǹ7̀m柂2ʤphcki^*2j+AhrqhE}*ʭ3I\rl,N;<.=UCA+K+CLlBgx\0G],R2>q\0kG%[[mR\ritr@	ә_6XuKvx$|6ic\"k0@AaȉF)36v^Pc+DF{6Lw\')y.(\\	Eqd.NnHzk_h\\/D8?Z$pouBA7}> Ho̅>H$9ۢ&.s!i#oe-&G\\\\m4+*8*2iw)Ž׳\'\Zs{\Zr@>y2ϧkηvns%̍HnM=gj8w\rU\0ld}N޹6;iَ8sy޿T}#zI]>a:sgG~oko2/%U\ZvNeG#M=Կ/g49}6d~vL`lG}ڍog}g:x#:%/:N85_;3.tA=d/W}ZƘ{ɻ}2&ܧ\0T6cqrik>)A7\\)oa\'z\09HwJ(AFV%Ҋ]7\0sp_hQQquj~	:ΐþȥcaHwgl9H,K\Z\Z@̝\0u&)v@\0:\\gF<qKcB.x9Y+4hџO`l.dq~eC#QI1v-`G\\֐olх$.TתG\0dmU@s0Cp8Xcvs\\	${\"	c#6ɤ]3Aq$; wm?8]<xk]# s#ezc\'3~a0dcDbp\0}u\nWPN]Y#eWl&҈g,nkf\r\"ok1b+-4a/in\r,4Z#\nYVbSҲAc:׻ݙ9mA-HҨ\0%U\\^Rtk$٧ER,f]~UBUQVt\nf]=>l;g]VD.7o0x4hCoJoˉRpܿAL-+ϩf|Xa{eqk	:`eHj\\\"i5Ibs=s/p?f\0VDһ6dwqx9݃*`9r s$ks]#{BM[F$2^gqǼ*˅aGLCe|w/;ɹϽLj#gi)(N7~{],@I9\r\\w}ԑYDat59q܎!I\ZӮkIE#nZ8ecNՍ/-m爛<VrHE#2tVěp7BzB)k3րe{\ZrHiRTKF56֝\nٲ)kH0<:xݳd>h\'Yָd}nd\r&8Ip$BI`$<ĜޤK7naû_M{=]l\00ː$ndߘ[?>+8Npw=\0f;D>{x;]@stDzIt\"y΂{S1c\'O8h)ȟvQ_\Z]Ɵ5g@w*3!mf\n)cً|/lu\0#\'G8sp&c?ٴ}MPLHlͻHt;:%@40G49 )`ffۃdde[:{6-3;^@w.ՠO\0jJ{c/U8#Ǚ}AA鲝}GBwiO\0)q9N8{Go׵yz}Q?tvU8mAg7N\'?Әv[\';O{VNC\Z\\\0m]V)#!z3o\'˒#ޒ~^?c/SrׅS`02eRfKy.DmY;ʶ b\rv1\0VY\n?hֹY<wg36\0M爈5hQ5\rms]:96cXFA@}\ZLLj^ig2\'K^_YZI*T.7p|=ix*rarU▟n՛DycRq^͹nV]lQ(o`2i\0sLVR\Z\"}\0iupSoTwLvN@6<GAu\rM̯OOژr?(}I(\0Q.(˶trjײqIҬgS7C\"uvOP8YLvN\rkOtV(N6A8[:_oYO)/}$fH85?iy2qcl*G. \0[u1R=WHrxqfUl\r3K/%6[dZf\"ZӴwy}H/vN\'}!I>EZzvH,9pUv{G}q;Grmm$ZP#1_XhuZmNfMݭ\nXV@yrUB\ZJ\Z?.2@<HJ-4-fȣ\rq\'=?2:j7lύzzۭɉJW8[/cvno~-\" \"\"\" \"\"\" \"\"\" \"\"\" \"\"\" ~ψKEg]UHX\ZUWbw[DVUm]F[cD?b ELyiLMCA#@4RȊZF6d\ZSs.`#7?ir\\n]g>#@34G-q\"܋yIYԱk%Ma8>ĵ.=ýk޷CvDr쨮ɖJ1M&4ܲq6Nyz-$J;,\Z7r{;oTEIM 2LC@Ptn6\Zd6R~AnY\07d.N\'箨	sKqqsqWUMٰl^C+iEŲhhkFiZ~\ZhM!WzSA٨ł\Zg4>aq{Z.8*Jw,0X,Ct\"{FLTN쑣K\0<5\0\ZN1Ίjȅ$;%atGy<.qpSl	Ϥx\r\rCn%7j6t\'iMii\'eD#ཻTNc\0[M%B=&tX5pVQG,Ok{aq㵦xԚ3ԡRO.hW7\ZzZs$5Jë]sbm/WRTA75<ZAvƧax#{cA쾸\0\ni;o[|J˶/MuQk`v.!<gX(jj`۳i22V-_>}M$|\0|e	t(NK&ϥ|]ny:Z3=_zRc}=[JFE%\0ŧB9wDA;scG;adԝ\".9elIqkm{fWStԻB.Φ<V,vC:Gԭd$ͪn#VvAix[kw?KVY%sؚor,fL2Do^BsH>*SQz׳G;ù-u]/lhӡ/qܭ|0SJUS忱m4gBUЕ暞TwcOEig3E[ x\"mfS\\x|>֩yI.֠YU]<ծy\0#ՅJͨㅂ8\ZƆxqV_+Y\n:K\0#ŝ!|J[+eAMc@&ڞDDAHÁ\0\\Ȃͣխ!%C`mN]w\0j54pMmO4Rĺ1xU#:4hQM\0jAM췾H~d:&%8=\Z:WtDD@DDD@DDD@DDD@DDD@DDD@DDD@DD',6,1,3000000,0,6,1),('E0011','Guitarra Eléctrica Les Paul','Les Paul','EC-50','Cuerpo sólido, Forma del cuerpo: Les Paul Construcción mástil: Mástil atornillado, Número de cuerdas: 6 cuerdas ,Número de trastes: 24 ','Agathis','Negro Satinado','\0JFIF\0\0\0\0\0\0\0\0	( %!1\"%)+./.583,7(-.+\n\n\n\r,,,,+,,,,,,,+,,,,,,,,,,,,+77+,,,,,,,,,++,+,7,7,+,,+\0\0\"\0\0\0\0\0\0\0\0\0\0\0\0\0\0\0\0J\0\0\0\0\0!1A\"Qaq2#BRb$3DSTr45c\0\0\0\0\0\0\0\0\0\0\0\0\0\0\0\0\0\0\0\0\0\0\0\0\0\0\0\0\0\0\0\0?\0b\"\'z!zP٘\\3<{M©jUm7$#1זIߥy%VQIy(G%G^{T7i3^x$#@E{**Zzn=T\'.׺E$j_ђGuŏqciȳVVUG@eg5\'Fޭ-[=Fc\'΍6A/k㝠f\"\"\" \"\"\" \"\"\" \"\"\" \"\"\" \"\"\" \"\"\" \"\"\" \"\"\" \"\"Q̬ѺXa)AGO\rS>달F.pf\"8:y#!t\'jY$&|U%\0+Pm[~ٱa8-*{-ϋjwdPOf(=\'3қJ\noaD鰽\"Q5*}Q6b j-#Hઊ{sG\09ⰫQJL]zwjWt\0|\0\\Eu}\r!L䬶׿v>GA(*-JLQGy]uGKE:MN鿮*Qnd\\TB?&=75J~@dx)FJ]~o]50٦s\\Q5]@ʝ``i~xƨWQZX8_p~/[\rPTnLh]Wx,e[<A}F6s]|q,rL;ɇz+kU3BMVhe\'ԤR+F\0W؁zK=& o0h}!i<fWqڔl/>MfIB}dBX;:FH=[V^]滍S&?M*	I\nĐeWo*{[ىznw%ԓ-%%2䨰w`tw撉\'R.ZK \njI)&{O`S\ZY3S&v{;M4qUB\'`yi75on8<M:OtـHH=ty:ju(ӫ@\rt,7;N/UxDX\ZtjTMuCt˙Y-*nA+,x5aVD\Z\'{g({xMq|Ck$T53-Ha&bF=buBULS9g [)H671aӠNbX)lвX\'k^6HU]0ꕗB4C*:bHW+mK[9u7\\Gmktplv9\ZrɀT\n7$MaCf )t`mc}:o/9WLU~Imqkh?^b8J̍U;St(VV*3\n\n,\nd=͹}]zxO~\0X\Z&b%\rk[7:˺	zN\n1$R\0d׸A\Zw$.==\r*_\n?qabwm&hQ_W&5gVAgTq`Sҙ=ghyxbHڧ\0ď-,dkl,lyi64\0>x%}\rQN:v}#rq\nó*!f9buɌKK\0]p[}#;lF͢op-WۡT\\~\nuo?}~cQ	+r{ccLLpQåZVuZ)5˗eZW\0\0	$ñX\\SzMn\rJ00JPЬ[\">ftN+s.H>b{Z־\0F£{ Ko <Bs箂c_8:Y4N,tZU\rUrnP:\'7A\n1Lj]SKW:abF+zAJ]V\0(\Z\"Xx?JUL+P1y^\rKVU8ڌm\nIX<>3BErTQkNrp>\rv\"E\\f4b PV)uPX{hyc:u\\e1jK] tDH#\\?RVH?dr[@:C_`SMZc\0tmJq9:Z	twxez4A\Z~ʫez%y/#?8\nN.V&DS@wIT?¯Pho]AMzO7dQ({#q6ncMJjJ,l@Iψq$59kxȐ>vXϘS)B-DFG=^j(`\"\0PTȶQS0-TT01c9VXQ͙ԯtjnKQrdFlG+IJjTkTP}\'ڿcRIhA\Z$`moLo;Z\"%6\"ɨ\Z)~#3#GTW26`t˗hhҨoZlrb<E^T4ř1ʩsN/>T\"F,٪vLtԒ2k7x\n.v@	3\nBN	Iݝ+#{n@k	n-R\"3;Ue!h\Z`U\Z\"I\'F~8՜KYiS4sѝU,2Srg*	IXHU-K\\!k\\fEbޱp\n\\T*7\0˜KۊCKLf$fmu,+`)4s7c{1.-N#N:ګUOS/MV#݈`2^УF\'KkN||b\njpm|Ljz~3UEZ	)$n7+\Z-Zo/5!Y;6U;0&1I&1V]WC\0k)ը.qk.DhGoFK.;]ΛO\n\nkO\ng{@H7uV|O.`oa\0/Orm>Nsn}ZTjRP>ZuQ͘eeHbf3X[ΟfH_\'ͲK[kZb:3ӧ|c$esoV5VR*:﵃[\0/s2k`ԀN^	b\0 [E<]V\rÕG<\0>uOڠZǩB(\nc6mo?V!l>Bil;0,\Z[ish\ZTG~-\'jl_bz­W.OүbqVl[otd^P-_=q]QZS9$LUj6S{;]c}{_AC3z5AU`P\0.ӫ0`M\\I\n\Z׹t/Ub=޺n%8;T[R=Lx^042iJg|\r6ep14ǫ`#\n*EJyFCj\'qxn0ZR^p7O1=ǪzJکe(KHVp(w۰_H>N.j\ZLX{>7$|gN8se͇*\'Ez҅juq,\nZk\Z{M^0W(XCf_lM,3tN8p\\F\\Z\0@;>uwÑ\r09ƕR\0U\0S?WvM.U_T;\0o*0{m\0{GJ_l=Q9FQu[E]bcLvzul#\Ze+Aݨ\Z)S	Tst+\0ЍlE?0@z-W\rW	ZgD[05*X1[_K0&$\\USQNʐ@e%6]]$\0Fa{MH	oi9%<ݛjie;1:m1CIY-ޭC%-P}p\"ˠkqίMQ,K;K%: ..IuU&HY79nW{Tq[6\Z5+VwzU2E;zLNq+3;qby_F1xd*w@sR9nsv.YV:lz/!&Nծ\'&TYvڄR\Z9E^t¿SsWe\\|\07夓\n:!Wiաcl29y/&Ba5C7U+ju)-DLsbMiw~&>ʞs0.[R,]oaś;;\ZɉJeϡ\\~7:J\'8Os^qD t E v`A\"ӑ\rLcPxߤ\Z/0M΅ŬEx|C\rٽ*7\0\rE{kh/iҤ4r٭}e\0firᘕGZV0$dZU*4ZT:a\Z6\r`4YvɣbI϶ܟ?H	WTj`fwLeD`N\Z2Љ5@s}<c$QCDCцymybV@nk\0u{ +];U>Iw?l8})3zkʦ(()F8b!(ƓQl\\FC!<G7=\\\'͕kGvv @*\rzeX2_+ّճ\r|z(\0\"+~3-հ[O=@#@$_O\"&\0SDDD@DDD@DDD@DDD@DDD@DDD@t^aԩ[ /`@]tRN4ΤئWUMr525Ȩ\r}a%(	e⥰*) F*E9TͿ#u|=\Zj1EȊŕX	(\"sjRfjԠ;,`s*P4+4 \"\"C~t[cNm\0o1K|~jdmZY~ )\\_yy5 exhf\ZJh_R>&Bě<3.ϺϏCAّm.[\0oǟ6	WUO*_嵴V-~k&n\ZfCuӽ2t\0\09AFcHR!@Ͱ|>|NW}non4UP\'/%5fk[ZC;x?zyx 9IF:j5\0r}v;ffZ[#B?!4e}LS-lR,BxfCQ@*s%ipJZ3\r}T\\s26Qboc$txبtl<Hz<\r맳UṊE\\YaEnXX/f.\r؂*wAo\0ԙlBPA2\0e[I])\nkRXfbt\0~r68nr:Rh|=\0>\Zsoݨ9_`cY\ZU,뺿w(%O;X_Z\ZK2%yZV:s2oWRTF-qoqˌui0ގq5W\njNZl:SO3WVmN\\F\0qZUj=Me\ZƩ7̥Vl%\rV:0O{$.Ule@=}bڵSy^dWO\"g*~gGD%Bs}|\ZA@U\0}@DDD@DDD@DDD@DDD@DDD@DDD@DDD@DDD@DDD@DDD@DDwS;C+hS\" \\\"\0zO',5,1,600000,0,6,1),('E0012','Guitarra Eléctrica GsW','GsW','E50','Tines un cabo brillante similar al modelo gibson, es mas ligera debido a su cuerpo es mas estrecho y con double','Acero','Negro','\0JFIF\0\0\0\0\0\0\0\0	( \Z%!1!%)+:.. 485-7(-1+\n\n\n\r,,,,,,,+/+,,,-+,+,,,,,07,,,,,,7,,,,,,,+,,+++,,7,,,,\0\0\"\0\0\0\0\0\0\0\0\0\0\0\0\0\0\0B\0	\0\0\0\0!1AQa\"2qB#3RbrCDScT\0\0\0\0\0\0\0\0\0\0\0\0\0\0\0\0\0\0\0\0\0\0\0\0\0\0\0\0!\0\0\0?\0QsܧYxKYe&ڪC]Yt1\\5Ѿǘ?.a,7ހ;Ң.\\@8v2Wڨ2G	96:8@@MS	y{G־l@\0Ȍyώn9{\\^HgnV˱1ւN\".MUb/{\'|e3or恊#k\rn-|$ݬ`q@s.QB	I!@k첊\"\" \"\"\" \"\"\" \"\"\" \"\"\" \"\",.n1j$hjtkFn>:j-IAl5w~Ӫk	w4!xxmGٹ(F>SxܛwѾ;YX뱽\0Wn@QYE\Z<6\0w!r,cl.ȞWwCᅘC29ςw#F:=չgg>	u{8#:Yu|.v\r{@yl\0\0@2\0/cnmDu09\05:b0,Sm5Jj`GSk5\Zq̫&eE3hE~u݃gم{nKs9\0Y]T@DDD@DDD@DDD@DD_/xh$\0ԓ`V1Ȉď+E \"h{Oea)b9*gpe-\\4Gkc;77bplωE_6h@I:(vK{(Ȼ;LEJJc{y\"nmq\Z\0Ҍ14\"UV^g*/}q\0\\-ip}l\'Ѧ!і9.sbsHY4땬6ƞ͊1mwɜǾVkZGbIr\0h2ixOE:ܾe\"Yc59x;x}tS\ZFM9~/,\"*9aF16s<IiD@DDD@DDD@DDD@DDDAm8ek|XlFBUiVjGLPM1lTmͨ{j`\"b]-2PM;?~,c=!g	;\\43/z!smN:ʙ%nDҜ&2%&jrܯˑ=8:)eN#5=C}{ce\"jY5;pd\rZ,\0$rm5>mdl5FR6Nck\\1>g8\0\0<\0}qgK+l,9g^EY{ͽt9y<R>u;u9%SU]{\"JX$W0r2	C(*qss&#\0H+^]Yh\'@q#N,\"r$1R-I<-y#o^0L8{S˪]=YNC	{x.wW_(l~_W|M~JEKVqCb688IxYkyJނ<28nwMmTY\"\"([g0 ፧G8xxgbh;AK~Yݦo?+J^Ҷ\0\\?+[~E۴\0xxI\0x\n$\Z|hܯR>9{)>?ھΤ6QQ >򏚣w|nءkB(s.{sU\rak=kXsfq q|لD/rN\Z\"cSIb;^^v9F]Q(j;B\':\Z$$In!g|6:[&[A dxدZϥakX<ahi$l<Ш3<O9c0\0~]bg=hm!\0nk,^{O\0YʙZ{48[i&	+&b};q9?%%DQDD@XYDD@DDD@DDD@Za<NCן>aWo?q2Ig@uy~$\'kjE<Wtpdmk~sVv~nG\\ʔҶ=s$I:yTrhZ&E׃gD>K!=XѠ%-k V|:|6hdz$\ZU*<M,3>EvtA^kjͧ	nxN<CԊC{wq=BᕛoO8וaPؠu-Gojx4fVU*1bg)e\'8\ry\"ӟJ{5ٯ2o+	6n+N~˓v;:\\s^;*ZY<1ÑGq&?KCGg3G7G?E+U\"_!FzQճ۵<h\0QJm3A\r=#$6kx\0OO=nۨc:^&}Ygr3S]͠3f_丸|u\'2\'e({lGI:O{:8\\\03MhPJ<(?_ɽuH1w8oG?\0q74*P$^,\0abIAPZ:|Ђx=}1\" ;>?Ϫ5I?`=lSЙ]pl\\l~7Îmes~K!|Zl\0y=5|@B0\"	]~Otxׂ V7Jl\Z\Z,%x6E|I;ֱ<̹@?mVU1xgQ\nhhGdIxGSSR7ۙ>@\\22:q_w\'Sv\\]b`Ќ${ػOgM3jKw੓F6 kk#ie5ml(\0x9 m<\nT\rm!G7b峦w7;\"G\07sRhDDD@DDD@DDDA6t47\04I:*ywEZػp,.N!l\0綎f5α\'aVW[Jv]$8C!{\"jW?hQ4Z(j^Sr7Kݔ?yһmu?e/OHh}Sؒbu^oLނ/Pv]Μ?jk%AlNƨNT8U=-4:3ӳ2t$V7b5-Fu2*/$dq_\0\'[;əN[:P>)SyV9psGi>kO+uxuՁ﨨6XkgHmg0-*O{c/h{cO=O?gM+xaY`#ru_P1m1b;g^:-y~E}yZp>vEî/KTA0뗨!vN75R\\\\w6FFj&$h\\`ѩ$\0/̟Z\'GC9	wi?BjTݘO3KI) <l9]MketҐb0`VEYQUgb9={!xV{1T@u4AZF\Zq58sWz\"F\Z\0 2(\" \"\"\" \"\"\" \"\"\" \"\"\" \"\"6lzz\\*\"\0xNI {\'FvthPw̋r\r\06A$>xGިxm_K\\盽/qκ\rgԓuFpc1Fb :\\j\rŉ7+{cךc[3s>x	mG.ATuj>wK%#aXi-YN\0[ޠtm5i~Ǝ7NX8!]GM>i9<oSdCIModJY~e|Eh\r\Z\0\0Q\"\"+jDLsv\Zq\'@Rl=׺{;	m5yAKշGLvwm3=l%^Z378|/M&-\r-\'$ls}\0JԞ7u/60ݡkZI}I9L.hUR6{{\rmTP\r\'\n3	$$d+CsvDJ:Zpg?7cr)<QYo	\":C\r]ގjnE\ZoAothDDD@DDD@DDD@DDD@DDD@DDDAYP\"c~3{CvŶbbs[Ņ7zcw\Z./[ZZ_#A\08̃\Z)l=TF3%[mA1:Q?s4mUUc23N>TʤBEKh\\uoyGkD,mMZݤCfiN_tgo5 ó\Zç{ ]qw{.\0d5Mw텅4\0|na0έv3мZ[aS34,\\\"qqǩ(:((0Ʋ1q\04q6@.yu죝TʸfK\0usF/~fZKs\r.:dʍs!=lu}VՆSwm }dúh瓆3gc4YR:gev2Ec1*5Sl&OwwzڛKi<^/)#^>bEf)cEBcAgEy5kmLYDD@XYDDADD@DDD@DDD@DDD@DDD@DDD@DDD@DDDADD@DDD@DDD@DDD@DD',5,1,800000,0,6,1),('E0013','Guitarra Eléctrica Kramer','Kramer','S440s','Mastil en Arce, Diapason en Palosanto, clavijo invertido, 24 trastes jumpo','Aliso','Negro mate','\0JFIF\0\0\0\0\0\0\0\0	\Z(#$\Z%!3\"%)+.0. 386-7(-.+\n\n\n\r\Z\Z7&&4,4,,,/,,,,,/,,,/,,,,,,,,.4,,,,,,4,,,,,,,,,,,,,,,,\0\0t\"\0\0\0\0\0\0\0\0\0\0\0\0\0\0\0\0I\0\n\n\0\0\0\0!1A\"Qa2q#$3Bb4RSrDTs%5C\0\0\0\0\0\0\0\0\0\0\0\0\0\0\0&\0\0\0\0\0\0\0!1AQq\"a\0\0\0?\01Iz.zwgC2M|[pvi 㯓=,+K/ůT;{c<AYo#lJ7;[x\ZJ\\tݢb^=Npf,ͻ\\АnXomtŏ_FXXnЃ\0*ekL+\0siX&&6dnuK>,/h`Ozhk-8 x M<Hˋ\'hlGBn?RUjGy:g2Y+nzy㕽K\rcVz-äistqi|9gAie1Y!\r`nTɛ͍GOWQF#&3J%;g{s|Dwhǔ)5K$h|okukG\nʍ.\"132<y=&|uH:84R	\0F,lʸAn}&b4ygkcd.Ի-\"ƚ9oIGYߴT-ς9ծsFfp|Zb,=Ek7ɽVs8zsGII6NwWv,wRXUS/|KO.4o2\Z2ǝ0nq;JIrޣ*j6\"4_;#CRzC;M\rilG!5#\ZlH-8.\0WK,6Hû^柲ea\r-IiǇGf>;yy[un]N\0c\'iخ3)6ɗH@~ZLWNGmI\rpv@c<q淊\'EnŧȮv(nmr͆wF\\H\Z\\n#v]uǢiHev8{U\0n?Hyu?^&e;ߒP,I斆Lo]M;dh{v>zxp\0?)s+*𕲋7>Մ5ɽm\ZG:%+ZItDKHe?\nCX\'\0_F\r[i7@RR|\n6ij%`۴Rqc~1\nEKV\Z3g4X+Yp-A5;d3,*5zUk>*s\r	{Y2s~Ge-2fx\r%uY\" \"\"\" \"\"\" \"\"\" \"\"\" \"+5ULXKu^ELr\0AnTؾ{8ykhTj`Ids6kڧU wA FI(gS{g\Zj2a\0ٜtRċj1nuءqZ\nZ}ogjH\'~]~>I2ʊ~՗F9g)66u:qX\'csZƶ\"kW=Wk|]z\0&5\'.Dͽ/ei<OqSTl.5UIm2hЋԷ.9ZDrgacr6颎VTDڝ\Z\0ÛAkZbM-4S1e`3@>/NX&jY8?z)V_i5aCS< ky)ŭ,UX*饖J7sBQǊ)`-Is$\'O>[yK-l@D@2ݪ;}nZ\nG~8\'`C/M|mH[H쳓cm>oWkﾚ;cjӂ\"`[ϿrIA˘޺8F.auQ-Inc޽u:l?z<҂Ap4~/GwOtjV-Kn9w_fJ1\n\'zq3fݷ![[k/4r5Cv y46lނߊduwc4WpR9,}iAk{j\rw58V妣gRP0ݽ;U\nc33c\\}6M\\<\rd@{7\n3\\{ŽMvl$kIKEQV|K_~c}̷tNɘ\\aѮ67FrwuT\\]@寥6Ӱ٣r{5(kJGmsj5\Zj115[bxkiG!sh˯BΝN.\'uMaxq\r#WNNf`.vw\\а=qom\ZYmFWRC	clf1IC-Z؍ǂm|1R@Pt\0LsW+c5\nZvusG;R\\kWKCLO\'r0X7m\\㡹#LN+>B?7N qaߙOhu?q`l5g)XǕ\\ٱ@[l\n]}tthssG\0܅7\ZXzo\r_͢\0fEx+9#fyD6I7tm\roZ;EQsC.pP|MOGTL\Z?-^FV`b%|Hդ._(jZۃ6to6KoY)MO3$Ha74{l_L,f#kMί~wAv\r9Ncǡ\\X,:jVf#]|HOBq}}E_nŢ7-, =[}e7g\"\"\n)034o gf`B\'VOPpk7`r^Z^9k$hփ+nYomôjpsI6ԐS%N<&|h8\Zƽ;B\0mckB?&OGlwX`Y![:@co/5_఺SB$tolim;>k	q-廘++I]rkH7>[e3&?o$PI_AP>{m#Er=M!ѷ$j?4u}dP#H\"BnXۛv]YYYtȏӸgEE=W.X^A--g\rIKiacXvqͭ4\0sΖ7\"箷K,+{C!)$X9խ.kÿ8H)7=2dvakNTuOِ姚1wW<cƾJ<u{NiE9coڹ).)Y{˔fGÔҦ`,GѶ]\Zl-[ɩ]70Fu-&Şi_#s\rly/J3IN,,-6m\r)~Cܴw븉Ϊ|̑[0\09%#CkN*JYK\"\Z#6]\Z/N\"ۯmChNgu+x\'ؚ\\_!ZAx\0Iso-C@G(G}K^~U-1p>adp5qe7z*0jC,攙#.[|^X^U&1+$M81SŹnQԍn+*;c\'p!(an.R<T9Du&o\0lgQYWVD5!]sUTS-dCzg-b:հQTzƇd3Z\Zɸ6 c6/aG\'ful}Ӂy1/R&F%\"evt\r;/1.y>ѳ\"G~y!z*&^(\':F>*hLqLew~hM<$7&oL9Ih=qu8gnY:>`KL\ZjGR1\ZKXwoS6$Pghikx{7|O,C{MY{y}EG:n\'_X{ˁs\Z˛1F.$s\\^L\naCj(]#ep,لvp& \rLoوiu(	Z#jk85g ^Zcͱ7ЃbWΊ\0`pɘ!ċXx7^k(\0+-{wGsh\'ع̟DcKdߨo濸42p>,=`Eƶٶ#o̽kjlgs]ǻف\Zhob:\\}Vm6ۛ4u}ìkM\0QQ1hlZH\'C`A_|<Ŋ3%&KX7!WQW9L1fm7@I\'&GRǽ\0;kpb/lRSTl\0\'u$<Iz/\0k]+9m:gf.wr3ikbfF08}ϩUJj&֞W7yM9;G2wϻ䭸nu>\'_woc_&j_,hӹO#fmNGEа:G:W4WHN_\Zǋ}Fw;}k\0HEDD@DDD@DDD@DDD@DDD@DDfzfqA\Zk4eYf4w\0,o}TYk!B4#VYq/3UEb\ZG4XIZMᖈP\"\"\" ,lBE4.:Y*5U9%2\Z.\\.\Z\0\0ʹ]DɺR+[H<Tkb\0V6%H#8gnb_\0mzѦUØ}l($iPw@t\rрF\rT^uuN;;=\\˺_t.L:{:F&O3CZј v8uYtS|#Ig}Za85=53]q\\w8哹\rYe?XS7-!.7ԷOS`c})3J~Ԅ;9m6U.xgroI`/-ɕ\\=O~G.uОDUu;㹷l`ts++!Z\" \"\"\" \"\"\" \"\"\" \"\"\" \"\"\" \"\"\" \"\"\" \"\"\" \"\"\" ',4,1,2000000,0,6,1),('E0014','Guitarra Eléctrica Ibanez Jem','Ibanez Jem','555','Una guitarra puede o no puede hacer. Y esta guitarra sigue el mismo concepto, siendo una obra de arte que nos demuestra','Cocobolo','Negro y Amarrilo','\0JFIF\0\0\0\0\0\0\0\0	&%+;\"$\'*-,0=5<*5&..)	\n\n\Z\Z-$,-,,)),,,,,)),,)),)))),,,))),),),,,),))),)),,,,,,,\0\0\0\"\0\0\0\0\0\0\0\0\0\0\0\0\0\0\0\0@\0\0\0\0\0\0!1\"AQ2BaqRb#3$CSr\0\0\0\0\0\0\0\0\0\0\0\0\0\0\0\0\0\0\0\0\0\0\0\0\0\01!A\0\0\0?\0@\0\0\0\0\0\0\0\0\0\0\0wB-QzV)lcomJu$w8Gzqk5u#̷mUbTiMGQ\'%M\0\0\0\0\0\0\0\0\0\0\0\0\0\0\0\0\0\0\0\0\0\0\0\0\0O=*X}2PZԅzJTsRw5e;$<gUc(f2MIy4ky{*qIrͬIՏ4m½d(:2J9mm(#e$ӍIAA,T9ezӢ<w^*vzFqeQm\">,pUJ08n{5p@\0\0\0\0\0\0\0\0\0\0\0\0\0\0\0\0\0\0\0\0\0\0\0\ZLvTtj)˹sҜj{)9o_KsW\r)R5NsQ,)cɦ9NK]R|ҢiBe<,.8c|\ZT)R^_>gnJ4d޸x/,wI\0\0\0\0\0\0\0\0\0\0\0\0\0\0\0\0\0\0\0\0\0\0\0\0\0WשFVےʒzsz7u.jwqt3SM}uk޺w2Ƽ:Ze}SO¦sX=ib@\0\0\0\0\0\0\0\0\0\0\0\0\0\0\0\0\0\0\0\0\0\0\0\0.NM(ӧmIT~X7y\\QfĔaO?33ljvanN,%%CQk ]Ӽ\n*t	c[}>Jb@\0\0\0\0\0\0\0\0\0\0\0\0\0\0\0\0\0\0\0\0\0\0\0\0\'͖ojJ58U%ˬ4MKO:pIzT)wPcXM\'{u$]kVs8wrĩiY|\"*B\\j]ӍHR3L[\06\0\0\0\0\0\0\0\0\0\0\0\0\0\0\0\0\0\0\0\0\0\0\0\0Ww*W8Ur%v,ԅ:GNN:_U5w3ln=N/d޻aY]F\Zem%{oW/\"%0l\0\0\0\0\0\0\0\0\0\0\0\0\0\0\0\0\0\0\0\0\0\0:/Յ*e҄/SDcʎ96Rug,ɬߴXы\0ke=_4,7Ms=;ε(AF1rjOKxn;-!zէoU*ZTb%$֛1/gLׂRr~/ص\nӖeR]YIfTR%\0};x}qjd\Zrыme*m9e,F\0\0\0\0\0\0\0\0\0\0\0\0\0\0\0\0\0\0\0\0|gμ\ZvkԪԔrSx8i]ۊZxi?4³QNNT[{o9\'^mƤi:uZK2-?-/ՔW/שJbNXRyfk;4;9z\Z\0e^HƜ\\IyR:g*uju4N*2G%YSƹԞg\\ܒ&\'FʌTSZ[YROwS:?po>p\\2N.=ny̔Z-UUUQ᪭\0xִ8]U][[Q+SYo<3Փ/4F(XSuk5R^(=QOj8EypZxy궓\nTRٯdy9NrMu&JOնYjk׏-HխqC㞭\0\0\0\0\0\0\0\0\0\0\0\0\0\0\0\0\0\0\0>QD$bn*z^嗧Lg%=3XIV,[_MmyQeJ895IKšKxԞKvzz^q^x%W3m\n:Rm9/vYh\'n3kVU?GMK4	IioЊKxmkɵ&u^	CJьz\n+8RyK{7#u\"ޖskYI}b#	w~.`iӯ5I{R5LYF)S)B]#%E/؝U\0䣟%.\0\0\0\0\0\0\0\0\0\0\0\0\0\0\0\0\0\0\0\0\0\0wiCjPif<jmV槳J9ǜ0_&yZnWr2.m|;m=:\'M+St<mxK-g^R\'%qZYPkgMzm)Ҿsg	VS4Ӳݿ43<?Qm?(;U4Mz*mW]4IM,K^[r]HJ*ӉV\'=\nQzO\'kоПtdKzqqzwp$~BHl\0h\0\0\0\0\0\0\0\0\0\0\0\0\0\0\0\0\0\0\0vjpuNc*UWXA/OO8ϒ!]s/A][y[]*[77Kշ舔wzV:#Xmy3qZ:8Ol1i$k0>~>YzRb\\\'s\Z}9Ziz/F[y/Q֛\')ܩo&%%)=#ڍW襖VQ^*nxϋ/|\'|F+p;\ZtUN,/yx٤ϩ4weBsKnQR=UXEe_S/:)6s&m:M䓏Xv}6Ǜ7\0m֗?w\'y4.]zSmQ7~~\\KortJ-4S]\Z9d|Rެ8}ԵF{[osX\0@\0\0\0\0\0\0\0\0\0\0\0\0\0\0\0pxqNNxu\'<W励7ՏrݗL5RF7qc(bQkѧԆ~i\\fV	?s{g,9qr1]4cD-cNWJ\0,\0g{?JVXu{5+Wj<^%{=Q4-..}+g(I~J\\IR~z}uUU\nRSq^e~Y_\\Fi:Z|#r.SiB}+\'7!=GnngrVS~\07E	U&._\0Vן}$Ķ?4_#qI7 \0\0\0\0\0\0\0\0\0\0\0\0\0\0\0\0\0\0\0\0\0)TVw\0\0\0\0\0\0\0\0\0\0\0\0\0\0\0?',3,1,3000000,0,6,1),('EA0015','Guitarra Electroacústica Vorson','Vorson','D10','Guitarra Electroacustica tipo Folk con cuerda de Acero y afinador digital. Sonido con microfono ACTIVO, y ecualizador de 4 bandas','cabo','Amarrilo','\0JFIF\0\0\0\0\0\0\0\0	( \Z%!1\"&)-1.:383,7(-.+\n\n\n\r,$\Z%,,,,,,4,,,,,,,,,,,,,,,,,,,,,,,,,,,,,,,,+,,++7.++,,\0\0\0\"\0\0\0\0\0\0\0\0\0\0\0\0\0\0\0<\0\0\0\0\0\0!1AQ\"aq2RBb#3cr$C\0\0\0\0\0\0\0\0\0\0\0\0\0\0\0$\0\0\0\0\0\0\0\0\0!1\"A2#Bq\0\0\0?\0\0Lcp5&5EJC-zP[]8<o{(b*j.ӭR<WJJU)aX*[ăP\\j\08gR}VתL]Nf&ߕ7XQǐiԥP5D:0Fuvc%aORʺf6YybڴR6`T5^6pB_EL䠈		baUI\Zt\0s&o!h5`SN캆^	Q<[\Z0LT\'1?hZ[ө1@E4됱uBHx㦵\'Q*V9i-f .m\"vklM\rUj,=Tl^,W\n:m\0z|[..,}T٦QZ:*PҥGF]ƭm>q(5\nTU\0IC $@ĈD@DDD@DDD@H2f&\" \"\"yj`ptE5aS\"Iiߝ],j֒u<	8,]\Z6 j%,!!\'4\'ѻeRQZT)4\ZQeԛyUu*uP\r\Zt~R#NfvDD\0\"e2\" \"\"kmjP*TAvcz̓<[MJ=M8~:LFխ\ZCT<&)\nd~eZJUQu~j+e/N$#=ـ\Z\Zs6CmOA(T\\ϩ>gZ[&\"v	 H@DDD@DDD@DD	mõW:E[u\\;z\Zp+USvM\0wq\0YC[[YK\r}MByMz+,Xgk|-UhWy*V0iÇSլTˤȴj\" \"$&\"\" \"\"\" \"\"A2L\0<..qG3/jmsb!djfv@sj+MBP@\n<&nTRuFSS-~OR,1+ zNe R*NHPg l\rCnh5Ey~Nem6z׬YURI9gAOK4O\"?:;Uw^jMf`|#_\":r\Z+mόhUqb9yC͝OE)RD[\'v}#DUxK`i\\Ȉ wh[<~įmXwʼ>f˼t[Ne\n!(ϼ|MZЦÉ6M0\0<IݧoO7ovzyR\06ڍM[\0oyǶ![ܯ+	ܩ]5{f+6,8C=e㲝煮MU!)0ʄ]4tdfV:\'xj*S ^|g&Q,(zNҬ1[\"%Ȉ	0 	ZRB]iBT96zvJCG\0vsƥG|ERs\ZI-~Of|[\rbvx-IJ\0#zXyysNI➚m?Aoo\r0;ݏM9l2cy7h˴3M 3!3ڼ1n+hV\"k;1QmBl\0l!4}gg<A_-קSu*>x~g	Nn:1<=\'1eޙ۸\ZT)wf.A 5lRjڨ`Hvkr޴ըdf2X*[ziaػ͆im|O:=tKuvF]@OS`@\"^T^yM*0 7CɔNޖ¥SL1\0MX3X>\\^I^1mmXl83$*yzͽ(TٞQ@+N^_)f\0\0\Ztf̔3eZdIm쭅)ήoe,]ڕ[,?N2ѷӏ8ӵ[c)ǰLSv^UK;HJmRU[Zè5Ibc73MEConǲ(\np0a\r9^W5FAb>#slIgcp	E/hͫ_M݈.TQJ9Ycsq+ĸi#RtwQ61*ӦF@|?IN>Qf#G+͒kTRXAt~\ZLh\n\0Q`83aP&IRr\" \"\"\" \"\"A1&_mT]Ilm\rws^x<$)S%zbi5:<Ԏ:DᚥEl/]o9{w`&ZP{~^SW?SN\\^]ǷbRRj\\?/d3h?v^كSkj5Pۿi݌e1l̙3d _2X6Sr0[щ/ gPe\rnl-mc:|]upsiT\0uϡ6ϧvzCDX6|:vUjk5:tEluz5S|3b_Ntf?2O#PFo _|\Z\r)a!oN\'u_F;ZhD@5\"\"\" \"\"\" \"\"bDD\naZV\00%,D-Eڏ܏yߜ73FekLo<l`̉C146ƣRfF\Z:D/;LzsiP,\Z2#tt0lҚ~ae	ZAj \0)g3;4\"\"\" \"\"\" \"\"\" E­E* ~$LDƤS	TfwL0! A+WZ^!xzspv.O՜`EsAЏQyKdNA{tC73:ްf7eر\n^)Yv/7K!a:R$vơw$DNDDD@DDD@DDD@DD& jc0	W]~!~3N~\"S\r/S%\\*Ɠ|eKT;GoC	֫i/?V\nT\0\"mǎV{^w,\"Z',4,1,1500000,0,8,1),('EA0016','Guitarra Electroacústica Shakira','Shakira','F89','Guitarra electroacustica es  fomosa por la cantante Shakira','Cedro','azul','\0JFIF\0\0\0\0\0\0\0\0	\r(\"\Z&\"3-%*+/.. 386/7(-.+\n\n\n\r\Z,$$,,,,,,,,,,,,,,,,,,,,,,,,,,,,,,,,,,,,,,,,,,,,,,,,,,\0\0\0\"\0\0\0\0\0\0\0\0\0\0\0\0\0\0\0\0=\0\0\0\0\0!1AQa\"2Bq#Rb3crC$\0\0\0\0\0\0\0\0\0\0\0\0\0\0\0\0\0\0\0\0\0\0\0\0!1AQa\"\0\0\0?\01\"L	1\"LD	:K5\\{aap=|;UƫNu\"^{\0{!#9vcj+6bs{6vͰ\0NWM+,/uu`wW֯Wmz곒TA(T\rnP\r_}K*XS!W\0Eqj:WMn[SJ*5\nz㠪ݰTc9\';CNSQZ؝Ϩn7Ӱ9.#uHRb\"\" \"\"\" \"\"\" \"\"D& DI&\"KN%JSS;)s6ÀHqMknKteWr\rH墧5HE[k,PK[=lQIVRR5ۭ a[%FysIZi+eڪ*bU0MZ#6:9Aɞgr6?!ĸ-\ZWeEa.̥R~bzvej$)^lN7!(KN(:Pt^cblbBg($x;+[s5VjeQ{ʬ:Or_=ѧNDuW0f\070\rcniZ[v?<U\ZJ25liҶ9V\\3~zs;\0o;V4uopyF@1ߦ3MmUU(\ntk(ʌ\0sN\r#.xl㖕Ek5<=t`x\0w\r&LksR\n*BF3ܙoq.~\ZbtLnG_I8۸We7ۦh.+u6)qɞdel\0 vc߻V\nisd\n%	%5\"TPaU@\0yb_ˑDM	)W>.,v=q8qz,`tN3П@	_q+:Zەʣ8T(I%Nzd}6E\\׻5K9\'\09Mc@7ݛ_p.3J-͜+K&݈ԌOGUSRgbJkP(Pf0}-=Izl\"\"\" \"\"\" \"\"\" \"\"\" \"\"\" \"\"[q\rjS[Ycr\0\'*hE,\0$\0I}E?E\\g># 蠞rlj8kNnJOR20\0eT+ZN~b$7f;mdB`ʊ6l`88Bgj¿=w3&Y.vyiA39z	⚂	RtI6$4^ :Z_ø8b7\'\"elb}ڕ*=s.A)Yy07fGpylS|6<`;I.@`.+FU`pǺq~)پ7+4!FIW~aIWLcwNA5r\r;=<\'UEj\0׃Z9DR\"&D@DDD@DDD0$qk^ҭ[[Aw5)sxYǉ7vGV\0yj3bJЗ\03;,I,,Ē|S1>~4v)vm=ǥ\Zڋ<7ؙѪW|7TRo;ʁ\\HO=w-{Yl;1]9Q<vˤ?C]Y75nT6w5<8?C8E$͑Ԇo>~@R\\q.\"\\[fU¦]r+ZkΣHB,y+`g;_J;BX(nc7|>$CՁ6$g-5\n(WLOc;:)@	-,~f=[vU$mz\"&1\" LH\"Ĉ1\" L2 $ȓ<jTx{@㿀GƩV|mcʟ|XI\'r\'voݣWtp{=6j6?a9G-A5u{zNU>a=W{Dg>rF\0se1pZ+AN$V:$7kJ!*B}8<4Kօ[]\0;\'>̂,Dڠ$N9]\\fˋ#0O9^vϺHw_gw9C*\0zOjkiSgb|rA\'3p\0^B.)D@DDD@DDD@DI`\"D;w/L9/aG;?lxIS]{V18\0I\09S\"/t>W_^ݎk?I;M~kM5M$վ\")ܟ	t)#Wh*K]O,x-[ꭰ\0^^^MѺ.=K3̷ґĞ\\Q2K^2v1ϗ¹c\\8+Gg|eʑqud*bߍ	dl66ŭ{0\n\0!	mվ]|؏%,,ՆUؾ}>p덇|kuiu\rc(ᡇE9pYYYS6oM܊	X2+BT78@\0pֻ	:[M2#/O\"rX#:Za>cJ*KUB ;\'>e8mfӠtMVN(\\?tsbsgRͧբF%57庣*pzGS1&D\rW/kӅ\r5e4g|u?:0kn{se3OMڿhZf1:zFvog4:nhO-2z}]SN6\\rVq$^FIx]>F^\\ʹ$g/qLzx@]A*Oz>u2Zi&R{XUOJyxy|6-d1oB|<3w-+@¨\0OW#~e=Wuhۜ\01Y՛\\0Eoq~gl>y\'3`\0Un=?w[]`<B(8\\LjBVkQp%83fcu\ZOz>!ⵏ7cZzϹnmܳ}}NXLe\rzZ(U_!rO&lDDD@DDD@DDD@Ku;m\'LpZIǟ`|X&9cN̓D5=}Ȭ%\nwz6ˉ[\r?0<^ƺ{q|3끾ޒ_+tԇ[A5uXThp	K½F0:TJW{<*sgzmBm<75:}ԖXwaS͓\rj=Dsb0z.F2}/	U>XYi\'7#Y۷ڧi`Y,UF嘜\0=s++kZ6j4ګ:܍b2_fmngz+>Xϩu\0`\0۠˲#&rb&D@oYSЌ.$\ZkEC=6=L?gi{pk\0-`>z}\0Ko)[-vVSlKOt[A؎OY/_	\r@SRSP6ݹ,.!n\Z[if,pTu$.8ǉ\0Vg}$xdM?IFӬ\0SbǨV6{W?zՏ-5\'ym@>ͪӃfe#̌R>31\nT>%\n\"\"\" \"\"\" \"\"\" \"\"ȓ5m83`1?Zo3#Osr(|}{>B]ek޾Fcid&jVK0*è m5,2?/?YH~X\\ZI{\0\rpV>?[۷_,.l=pei貤UUs	 \0I$\0	o6qP^kɭI_*+DB	2\"ȉ0GOڸV\rl0GSөTy_w}eFEIj7<X_5س_Av_>}8⽓\ZR{%Yd7ij$wY1cv2T\0H6j%=H`\0u5ufu>{*Zmu.?_ga^Wz\Zt\09)޴-hF\0}gj\\(ˉ\"\"\" \"\"\" \"\"\" \"\"\" \"L@DDD@gIG9g2۳\"$)iIQ\" \"\"\" \"\"\" \"\"\" \"\"\" ',2,1,115000,0,8,1),('EA0017','Guitarra Electroacústica Deluxe Stratocaster','Deluxe Stratocaster','8560 ',' Guitarra electroacustica en cedro con perilla para tono y volumen cuerdas en acero+ pastillas tipo electrica +cable +forro','Cabo','Cafe ','\0JFIF\0\0\0\0\0\0\0\0	\Z\Z* %%2\"%)+../383,7(-.-\n\n\n\r\Z,$ &//,3.4,-0,2,,4442,4,,,7/,4,,,,,.,,,,,,,,4,,47,,,7,\0\0\0\"\0\0\0\0\0\0\0\0\0\0\0\0\0\0\0B\0\0\0\0\0\0!1A\"Qaq2#BR$3brC6Sdst\0\Z\0\0\0\0\0\0\0\0\0\0\0\0\0&\0\0\0\0\0\0\0\0\01!Aq\"2Qa\0\0\0?\0@\0\0\0\0\0\0\0\0\0\0\0f.4UasRoD{\'JC,~Vg8PO~NҲZ%l\\XfѥR-kn.ۉ9&.JT#Z3RYTIŧt҄x祎جE|VО&[eVJ6J&4Cv\0 \0\0\0\0\0\0\0\0\0\0\0\0\0\0\0\0\0\0\0\0\0\0\0\0yb.wuo_wzݝkk0C;n<SwlR]*OUԭrIQpoW,4\ZXӮSguv[mړ\\F>Uxu*K(U7(&fbcv~/mBRViZ+G+ݔ>L*n}u\\7ur]/e+>JpjU$9^Vp	YinP\0\n\0\0\0\0\0\0\0\0\0\0\0\0\0\0\0\0\0\0\0\0\0\0\0lO3Jh)Ӛ.\rq綻1:e+oi]BJiiٳ^*P}.MZz۔n-}dɉѭ\'n0R\\#Φj8XXaSPc\')n+ɻɻqm!sIh/+Л\0\0\0\0\0\0\0\0\0\0\0\0\0\0\0\0\0\0\0\0\0\0\0\0\0Uu7^emv\0JvHJoG6QEqׁyY=퉦T{s^Ϳ2\"=i&;iem	q(@\0@\0\0\0\0\0\0\0\0\0\0\0\0\0\0\0\0\0\0\0\0\0\0\0\0sAUWn?z=;+-s[qۊZ6nxw+ӕDwv.}omtS%-[;\"^J\0\0\0\0\0\0\0\0\0\0\0\0\0\0\0\0\0\0\0\0\0\0\0\0\0}kI)Ehezvem:_:(VN|W[+lt]\'-s{^OLi۞}N\\J\0\0\0\0\0\0\0\0\0\0\0\0\0\0\0\0\0\0\0\0\0\0\0\0\0xCj>.n?:\ZMRտW\0DEtw6FuG=w%CŻ1VHyqU@\0@\0\0\0\0\0\0\0\0\0\0\0\0\0\0\0\0\0\0\0\0\0\0D:PFl{_r+K|/eke)ה={J\'$D馝&KӾ8\\{lZTd2=EcdlywI-W땊}~O2XEeRjϬg.+1얮m%%i$cg)VwP᧵)x-4\\[^-N#dcB\nbNR[Z|;(Ǭ\ZH//ɘ\0,\0\0\0\0\0\0\0\0\0\0\0\0\0\0\0\0\0\0\0\0P{XQ7Oб:Y,J\\eO\0+;F,K+E՝Kh9~*uwc%ݖ\'m/01n/O5s*Ǜ$4cerMk\ZcfsʱjT~5R^3Z/$k++EEpIzB2VE5$S.M|q͸mt1Kӿx{EsW7IrR*e/RpOڗi[Lv7K\0\0\0\0\0\0\0\0\0\0\0\0\0\0\0\0\0\0\0\0kv.YIVQv}ZI#a.dr4z_zS\nrN:[jgP}:&ю\"j^|s}{,v28J/5oz>(甦\\\"R}xhl4rxlV#f֎ś:z4|T#oԥfޗy/R{c(\r9?f鿇\\c.pZ;sp.l7oSWQɚ0vR\0vy\0\0\0\0\0\0\0\0\0\0\0\0\0\0\0\0\0,dS>$95s71ffx?=E߶j}l2խ*)7)IoJMݹ7}F%eM\\JMI?>pru$ܤV1n^rE^X)K38Z2M]bwzV>\nuk!ݦ3QZn	Zh&-r~yw(ӏ&7Oʡ\'E;Y+6zE%ދI1XH(-jWךVW5Y~X|\\g:J8$M\ne֭{V+{Mpb<}}<lC!K~j̒ls<2ދӚgJ]Hm~Ew;m]aH|?#$z5Μku2zKE潟zVe\Zw.9i\\\0\0\0\0\0\0\0\0\0\0\0\0\0\0\0qz}I>.m~Bϱ´hqS1cq0~߄c6tQ0b[I&֮ڿ735RO`w{\\,㡍S%/qOzӝ\\wyՆ&[zzeKK9KDev֭E=II]V}3$tn#snX2]rկM\0}bMM$OTc`e*i$V#{[q_Ea%|b.(n.\\\\4zD^@\0\0\0\0\0\0\0\0\0\0\0\0\0\0\0\0\nlGٝSk~yh\n\nT+J|iꟁK׺4Y\"qeyhmfTBi?նWI.+4pvK39}o[ux}Uwï3ʤ%7?U>yk?s1ooFDi\0(5_x(_ٳc9^<їNrQ\\[s&fm*ҕMGtwv~fmT4{!%59NrEsi%)^纬W$8\0\0\0\0\0\0\0\0\0\0\0\0\0\0\0\0\0\0نetN_i+=t[=%o6Z{⟶\\ݙ2ڊ5ΛۋڳG?\'JԦI5uf2aBQt!/M(MxKЧF\0J-\'Ca0i[]Rmmse0^_zoџTe1Y8utڇRw-޲geVANUJ\\o\0\\qVfL\0te\0\0\0\0\0\0\0\0\0\0\0\0\0\0\0\0\0\0\0\0\0\0\0\0\0\0\0\0\0\0\0\0\0\0\0\0\0\0\0\0',6,1,3000000,0,8,1),('EA0018','Guitarra Electroacústica Fender','Fender','T10','Guitarra Electroacustica con diseño especial solo sacaron ala ventas mas de 10000 al mercado ','Koa','Negro mate','\0JFIF\0\0\0\0\0\0\0\0	( \Z%!1!%)+...383,7(-.+\n\n\n\r\Z,$,,,,,,,,,,,,,,,,,,,,,,,,,,,,,,,,,,+,+,7,,+,,,,,,,,\0\0\"\0\0\0\0\0\0\0\0\0\0\0\0\0\0\0\0I\0	\0\0\0\0!1Q\"Aa2Rq#BbrS3csC$Td\0\0\0\0\0\0\0\0\0\0\0\0\0#\0\0\0\0\0\0\0\0\01!AQa\"2\0\0\0?\0BELY\"G @Bb)A*#ohCɌG1&wZ1VVLOh&;\r-[bY@7ǏkwҴmC)TS~/zbKi4-Q\rR\"6@mZV+%\"4IB.Xb\"*J#ĀC Ɠ	1Wk$zLk4VU`jTq qo5c&bA{	ה;*MIPr\\^ln8tǣK0Iөs8[m>%=4~6/\rALfbTA\raUia.}SIHH&&(\"HIceKh!N8Ft01\r\"Q0֜gSZ*G!/]	^%O1K_Ȯ/H`-=@K~3\r.5o;{V|8٘*kj:@=D?R\0\r?N.r8F$`@tExtP@:GE4o##G\00x\r\"4!*Nw!0z6Tk[SySo0+Y|RFqbFk2k1;t=+p\'|?Ӷ5׃bmv0p4o\0CLDms_Mg:m\nFI*GxKuEzN>Q{@X3+lU*bRuM{`xLlf**iCzT׉1-Z@\'i1\0:|\0ŝ\0ҟOX\0DC!i3Yn{P$U7ʘ#-	U2 ->Liݬg*{>q:ٻm9\0L	oLݜg~r*\\U\'Zyj+i\06kᡌ	]\nL-lw <8J.bҲ;`\07<1E/6)eMS(\'x\Z8X2sTk~gmJ>0\Zef+!\\edFSaSs훉9+`d4΀yyݜw~rD8Aqe\'K1Ӑ˘:~K/yVrZ_(ǕϺM\0?!u<>_+y7yc+6N\nj`a.q}STژUO@ל7Ƣ|ʐC}#B|}šg\\0\"PE%I6jU(#b=s-am?\rOzQA\"bm&;IZE\n>{Scw7V\0no_]\'UV-3)PIUA,̈́ķVr	_1N}7@\n.}@@0fv&coDF!׍ZC1kLxxH;1h:Ab+ua9[O.Oߥ%*>c=3\niE\0	DZylbHgn\'ggyuvnb|?\Zzt `&\0cL&11GU{=\0|T=V\'fUف>J7#rtj7B27Ske9~L},lʌ\0\\}	h	\'gAx*$&2;Ħ10e+wB}K=X*=}#\n=LPb&5c(Q9y2[I\Zz\rj\rT4<ORӃbl5#D׀L!ב4c\rha?^M\\5#f -$poPO _7O9:[{ըeNm:^,:0:k217}|ŝ(3E@	=vS0<}4W;l	1yP:z1Ͱ}}\0s垣iۡŹ\Za/( Cx3HfhfoZV[+#OAze_r}UQf\n5|D$Ӿ61YS6\n&Zé|\nweeLiiAUU,*$@BL!8Y.Is\rWrl/fQ1\r@D\0OUnXJxb%FDer3yӲ6\Zflj-wC>[R$&sY˂4J&@Nt$\\9;e{e5	͛}x_FL)զPusxKKϢAkgl[_]å`2y\r翔8 fWfb*|Bz%K`	h:8NmJT Yh\0/9KPܩ\n&lk*N}mQ-<:S%z \ZL&6QER;*>[)tgǧ=V}V\00P@cW/\'SmLԹcExzP:tn@ηAoǩf<EZl<횽B*]jz4X_cPj0TRĽ%\rc[hڵKsQUٔK\\:cjB\0.\0$ݬ`v|ǬPj\0*5_QyuzeI}Gg}JYITAnt(KQ#\0fCT\rд;^uøT:Ӫ1G\\Fgu!>waM/c=j>!mrx1][\rPfbxIvgsU=  fbe%  i[ZmZE\'yn:EErJJnT\Z |g`iO،G=`!]~ŀ&÷h@DA747+F-U^hL~h9U0F5zx|f}lʉ+&i\\ca1Af;iof;G*7,$cGVRč<O?58֫Y^dJUe֢p*׷|ôq@fnlx5˧/M״@ymnm߯v\'~\'됵ؔ\Zhj,g`ޖMV-s8Ӣ*y&d_ѥl=0i	 _N[b?b*ʸj_;k(\r [nl^>8Qkh	uw\Z\ntAщ}W-87BheWͰ``1Lۘg>*[nus̏5_L\Z}%N.\\ҟͯY\"x#o -FtL]<yΥaXc<j)25kHM_t )kL2)=#5~/ݨiGTQJ]Tw\r	/bFw7f7\'5XbҊ1__khs*AKJS\0,WO&\'VK,Jz߯0M\rLzPAlXkaa{&q[ԾZgXE4>]WPQ.H#\rv8V\ZMy~V?V[n]m3tz}69|M4~g\"Hou<iM:U\nvjpaў\n|R\r.d{K=$NlZ:Țr1yG)MJ\'Ӿd5#?4Xj\n`0b	\0=qJfn}a~\Ze~tZVŸ\"}/|6z3ztnys$}r;iKRh;Dd]\\%0]ۂ1Н>x4A|Iiq2XsQK1Տ]1$,wM޶<apERU]lUڦT}`YfS72ڝ-FzV}\\&Y7!>KusV}RLfz\09&Aq`E8}Kܛ_K۷&J\nL[QG-2o육|Cn?ƭn{!k;	_t%N\0$Vt\"vll8jZ\"iVQGE:k9}95CD\'%S@A\nO0\ZPʎ*;l,	\0r5jؖEp\'P߄ml6)	^͍H6Ӷ#x[=;fkJ-J\nC>3S7urQcKX1m9eh،RB>PH	2c\"1yP/xM`J5#(*płQlְ2GmloFi)B>M9\"$؀{?n1oEI5/g \\n>Q~أjlq/5X˚qUPE:LSQ=?i~B#}1y`~X̾-W>&Sվl~=[+\n)U5OG_\n<$嘯Z(i89wzu;Q7z?ec1)ZJv\080OYĳ\\^hZFL\"UIwEx(>=00awP1I5**,z3MFU_)ICQ;q8Le\Zڔ28\0:G__8.=+Y3\\.vM~$Һ{}s-xS=85KhįnpSU9 =tٴgPQA18PL`ؐN龃]uPwm)bR%pgsg^\ri[H3m7|Be>Oc~0#	-r}d|g5mu)쿚c{C\0-;Gكac6ӥS>%u4SMFcnYǫK\ZL-e0oN&º2:UM0\"o_D nrKț9+leW7\\!va@UgH}`1szțalV50zz\Z!T*(\0v	\0E\Z\0\n+N;͛Yk=\\SOf}^䜘Wm\0\"IdIvtn<mCb;V&o0غl\rfbcâ&:lB=V^n}a<fʍݥdf=ޡ\0ykyGӛ^/ӓw\0=B*/*M1o)M M8s4)P`1E HA\rl]WoQD?,OO_\r\rSbu~QE\r/lWåpb=әO\ZXIEkO9*tRc:ֳs)Bq[0E,\0Ho8}ЬILQNvӯW3C\0RQE/',4,1,600000,0,8,1),('EA0019','Guitarra Electroacústica Fender jummbo','Fender jummbo','CD500',' La CD-60 dreadnought cutaway cuenta con características que usted esperaría en instrumentos mucho más caros, con una tapa de abeto y la elección del resplandor solar.','Cocobolo','Anaranjada','\0JFIF\0\0\0\0\0\0\0\0	\Z( \Z%!1!%)+... 383,7(-.+\n\n\n\r,$ $,,,,,,,,,,,,/,,,,,,,,,,,,,,,,,,,,,,,,,,,,,,,,,,,,,\0\0\"\0\0\0\0\0\0\0\0\0\0\0\0\0\0\0\0C\0	\0\0\0\0!1AQ\"aq2#BR3$CbrSc%s\0\Z\0\0\0\0\0\0\0\0\0\0\0\0\0\00\0\0\0\0\0\0\0!1A\"a2Qq#3B\0\0\0?\0og3w 4xm!AgngI#ny5uǺp5Ό`hw0+yr$p;#4=߭q>apsd12}nX*H`&Fsg\\8<MEo!#9\n{q+lC)ȍ5Н/ ˩QN@r=˝953f\n4*,\\7YLHܴh=np{KncmVBc[W(>:NjZ;Q>0DUj]284\r#\\3=IUog,6\\\";ATX\0ԘѺ:Gݯ\\}໔]m\rU^z\r%LO*󚋭jS1wnqt\n\0\\Xz^[k; \\7ҽ(0ZR.*\nd:r51_?Jn-!\')cO*զ<fF%Aw1-t_JDV>\'֖RFE,|Oµ;l^L/zENͫܫ[ED5*oI8\ZnݹfPD|Et;GA (ij\\,QiAMaĉSvkL\rMKsV-V[B9vSZczZ1oQ9\Z+-brX2@t\'Ҹ~\0z<\r~*ߘmj0^I]1ՌJ)\Z\\N8@ aM9jd0S}bu<Q3\0?K[5,&Kiq;d6j\"n)ʿ2*KIb9\\Js?n3fט\\9cĢ	jʅح{J\0x8Xf JkVV?7\rjr,\"Uu*|;[Xvݷ2X\0G\"	2khu%F+\"Rnj&]č\0 Amk)lk,(\0ڶXh<\07n<k\Z|Or^g9LŢ	FS6w8G:sİg/]	Չf^975r5HϨ^i$\0$\03]ٻZezgwAp;U맾?G,oao&;*gq2j$Iԝ䵘~rz\r>Ui{.\\5!TG*Xq@n~\0ֽg9TÀ*ՙ55ĘkJLPm.2^M\'X3ͯ9O\Zc/2*ˆ9?\nY)R\rU-K͚\'9E&i<Sеq᱙pנ?$l2\0\n\Z?5+/\\\\4b0Rtc	\"bVU\"d(=`D֨9-}%^_˘r,땣UVPİsE\"^ψHUxKzGLzRgzNްAeORN^#<A%8UX^k5kj&9Ȋ\\{*#7qu?tz_bKwOg`(Sa ;Kq*JnW.y\\kBtupS#OSʋlIK2s3*kI|n-,@$\'dn|-L:5X8PNw:\"؉r]*Jբ~W(eb>w\0i*ߜN_5*nbz֋~G=-qlN!uJV>)HWc.1f\0WȰ^Z)O\'v{V~C8NѮ^=jrvGHEKZ(0޻uRɯC~Qj_bM\\8s0`3\nǌU\Zbbgj~^;/UW?,-U\nTNƇo\0o\Z0\ZHt]ӭ	!D1֢#85&k$r4%qɳG#Cf`(f}~ue\0I(6eW%cyfۖfq17MpąP@9ݎR#سn]YXTDdQ4EV~߱v*;=&3\0f$5Qŋ*[0[RaDpƄ\0[(kb9s@\Zukn1\0{7l쑿0yAP?{[\rx Ov\'B5b%YT6j4:f\n;VxLzׅ݄Whӟ6*Q*d6ڞG8;s1 T3Z\\؀%Tk<?\nSϭ;F&:L\\\Z+<&>f @~^<}Cvă)\Z:ML;y3\rGΕpۃ<==bd:*%r9}ptJ[p$L]ɥlYOOG(>8~+_oKQjM]1 ťt{~2i\ZǃuB{V;!k2lLsՉPEK֢\\D}$Y5:V\r𮥵\0\r[hd*@̨Ah\'S6R%?miZX09řrĜƧsN^KI@\'EhGIK2qQl[3{P\'םe#2Tm۸4kngo$S[>	 ۴2!\ZR<}N|VTnl0s$@ʧS+\r5.DGl]p`.LPGNRպ1%Z[?xNSvlc-ָm=@r+Qʧɶs!3-FGFSHb	9@A²>Ulm2+iCI&9V]Xg[.%Ugq[Y_\Z/q%HܤNhI1BPńA:\'O:_S\\fۖ]#ҊXʞ]\r\0%OJ7r\ns\0$qkw墼Z`sԘJEA{\0\0X%巕|n4ՏUwkʱ|v ŉ\nl}WQJ\"nIr6*.6|4-ՏjN1p__MWc__B\Zn/5݁\"@BX?X#Y/rFI|m\Zp\'֐kY[\ZN̫\n19A9Gh+0QJf:O)S[Qa:T]\r?\ng\0spCs忯Nt	˗nk+n=dnc^2XG!F%XB-\"mUWeZgeQrRBV9FZڛ\n΅1\rmr9V9\"8VeV|2HP}\"N|ڌ,jX]g=UǩqTbQgC\0\0޲qjia3A.=|`2\\/H.[\no(՘P4PK16A,@6cv4;Ɓqmk+8RFh@NTǈcXRAC74lA7860|5(Q:V=l\ZQ 6ͨ\Z\0Uyr8*KaV ouy\Zt2?v^axQE=a>վ G}ۜ<l<D^:spzbad3\\}G泡Wȏ-:ݰ\\7טcSn9|:*\"h\\?:)1~ERX\ZT65jPVN@\'_.Zs;V[ޅf\Z?z3S:s!j\'\0~sLp	zu\ZxﰥAbY]-Ź@іdDRsbK\'9+x$o@B 5{	)E|,d9Uϴ&&E_\Zq]ҋ.\0Nȍ&\"Zr\\0\'*nZ,@іږ*t H.a1];Z6a\r$cևqm^աRV\ZuκԘ[oKA,XB|GS\'OTLFD.jm7\0ͩrPXy	6Gq\n3-նt岏ZU|іjT\0xH>Q.$]Mdx$5N2	,1l2Ă5QG?VI+D`\r9y9I͙QIլuYwЇ\09)Lu!{oE\'ۚe)2f \ZqmiɃl	ɴ6cX<\ryLt>(0j{\Zezձ\nvwcv~\0Wl^GRZ[,NTQh֪L6VRC#ph4ky>>OsD#O@O֠PM=&D(\\\0?\0OP=kF{c\']He\rVU>$~6Mj3f˄gDCFXyMwA}ALwUd9{:t	6seIѼśx^Dmqm[$m+vðrAQ@-3iBp]\\A4:Q)\Z$۷z.nI߭<vn[q_0HX vު崳YEH\Zn{.˩h]*L@K!NHt\Z6+\\\\xܟǋolf*]*4	ROgbE[\"5ֽ_ѓBwbLZtW(BY֌o)\\#o\'<t3#M\ZF]qm~5 \"d#}֊St^8\rlN#{5/ml^Nn逋ZgZ`\"{ʹjrZE!Ϳr눞[x5#n5hvLDnһT	d=@ q8n%bd.\0vܐ] So)Ny\'!KH&xamk2ضFG\ZbqT(\"z	AolαbzXm?\noYm90y~:\"\rZ|Y2>ƝTtQC\0Z{ę>c$Y9Y\\PLCIE[Jd\\ 𪁢	ޢn^ջ9[>z#s:W \0l+dMZ$;4s\ZqZ;*wlw ܊e24Y\ripWT_[J5XpDnjF:qT^*\\P\nv\"J_IA:}]>o)8{#[$96@T]\0RX[duLfuU.Gv.3=3ð\r{#V%&*NS\0{WVk:zG!ltdHHh]sZv1`Utdiݯk?춴vSgAmF<i^2h\0`#yk%.#%\rmdeVb$Wح[˘9H1~/}[7pEĐ\rºiڗx[\\h!fNMN==¬}83֚JÒFTdǔmn h@Y;>u\'&ؐ<̚ \n\"^`ݠ;RO.vkNn`e֢M.\'!uZQE3_b1\0{>WFi{@6*/`MT{KEX-2?[VdEͨQj1wY+r	ىL!ѷ}~[{7QʮŧȸYp/%,r\Z ifܫ!?i5!2\Zk\0\ncAםerNm{O\rn/vüS6uk}_en\\KI=̜\rX>x-_]	Ahd\\QU@e-eFPG¤SIpV}x:{w;Pӕ;U2%qH--S4Λi5bn&aa7Ơ\ra۾B,IIF6Ycғ^WЯ7n,Ot19X+FJܘ1nH7-w}q-no_JytElރf`\Z=gߦ>3N%4\0XI\0 <T9;o}\"y\r nFf~.xʣfr9{b}lI*=y\0v&\0_!&lO\0\nC<mee\"`[sݗBq>%5.{uq30gAd맮t\Z<}x6c0ӗˏDZ :zP؅Vq1FЍy*V*ka}kI8n>{RN2銝r̎([Xݘ|	riO@^姸\0A^#Ŧt&X!&LA\n#_\"kEmc8St|\']<1ƸřݛR}zIDc\r^J;,\Z2fd:d5f\\Yfz\nyVQC}Ҳq[iA ,R32C;O0Le`oN@\0Z/ˌ-!S0Lxל[YDLYI,e䟃)o1r,\'RyzU.=K,kw9UA1m_TDr\"OP}l^5]@mp\0y_,rܱpHai]>屎	\"OMy)$(r߻\0WªRvo/]m~l[eAEBA5m!P|$Yo\\2i\ZREhQb>|^:(#Ņ3*,{qc\\b;Vڡ4_rwǑ#MW;Iv;Ր43v 9ܼthRj<,:i krHmÀv\\==ގǬ\0T5\nਅq}=#Knaȥ:*o?QԱ/͛Qo܄o#6Dm\0\ZeIϞL>Q6[)H	DWf4Fg8jb.nNqʔҦA#19P,u3+\\Ax{	g	ҝ\\GUo\0[jkEd]h2BAN1Y\\rL\r8Okks@ԋ.0*f3U]5qul*kpAVdK8X``e<N>w%SE (nk_axS]mOaEp&fwGt)$Aԍ@}E2ʊܛcXɯMZ8g;w2w;ק*;g3e?R)rl8Uc@.jE]>Jh,֤_=o7GGVSdKU8؅#Vx5¹Xn5*߀irDRP0g\\{	3N9\0@xdoPûtuG\r	jWFp-(`5im^ۍȃV&A3\0V8973ۋ=\nI\0i%`LEGdhUUOcg O!<4VJBf,n=tkh=S\0X,Kɓ\\n5WȨTTf\rrƶMqP!ˉ{<rd	j!+W*y\nힿ\Z_bHNPs[FZesa/I>UՉ\n!A-Ru4Nb	]?ά`~4p|<K[036ܐHfyhmh	/&pv?ᄩ(AֹpqOpbz[UF7wHΤbm|%wd<L:1¿2zW\\>Ԛږ:;f9R؍Wy`\0\\> \ni2,z#ЏθR~[078\'D$uUmGU]IS@Q3hM=u?_\09|hupTI\'8e.ܸfI˕DG8xw,m;5᪂!c%vgMbw}[ Q]ARF9hQl.1X^,F^Up\Z]+O?W`Aܙn|CzJ}]&YI	\'(<AAdH\Z(&]eaYWOA?Jjc \0s]:ϭܽ[J-$\03Sb9FۚU[,58e[8s\rBw§*!!&q]\0-ߠʭ#8$*SrQ??֞<\rUua=3.weR\\&`zkFɧՏGSKbǙ֠;|<VKh*K4~GkI^T!.hBGn	Y>hAQA[\Z\'dcn, b$h`HB:F]r1\0_dK>3oHJO{W$Ƚ@Twou{YfD3s@>n{~$`\"vLs\ngY\0w%hjIh-w})vjkZK_S>ycntmGd|)$w>V7S#j+LDk+1.ɴm=zQlݶ.@$r\0Gj; 2Srb(ȉa-$~?@:o堨AZGE.\0G=i?\0.ii0AL\n\\#qY]EnLqvn19Jr>Q{ds	=;E;W<$[[N5KhzSv͜ag1CEM-:]$Gʚ @N]~TY\\u~CvTַF>\ZUj	4`y~Q/	S\"Fa\nŨ`ciW`B)\"E4p\rjPZf`rGlhk]W[)),x kN1؊^KJ&NJ5c𮾞.(klMalv\'?Ihi=	>@\0iKY`o4\rm\'A\0\Z3ۊ(.*kcN6P(WLj_4\\=e\nZKi1/ZDq \"f9ָeԨԁ>q\0#*d\0>7a2(Ff?0)WHag-Opޢw;\0>tK=h|\\v;*\0v(<y*BQDk-HxeRgO	\0 :\Z&O2s=:isf=Ŵ^ȤXېwQ=1N/5\Z)K2s#\'?\0*TEG+*ާ&oҨ\ZǏ)1]>`aUó]@כU9E 41N\ndh=\\Q%.ǐ\n``l󁘁:Zp\rkjHw~GJjFVYw	s;f {ሶ#Ug\'T!]PaSb\043fr?j4d.%u\rwZ	Bz\n\0=Qj{\0J+5.]GSZV5buPuee4WI|\n6ڀ#x\' +Y{z\rản_oj|ʼ;XZa[;ݠGAU\ZCir>`4V#m+)N3]\rAumHގ< /F<W6jFؓ\rɟ}Ҭ%)#\0dVU_@OiA5.%G[JqFYYA^;MVVUBp\'EeeQ\\ɬX',5,1,200000,0,8,1),('EA0020','Guitarra Electroacústica Alvarez ','Alvarez ','Ad60ck','MADERA HAWAIANA PARA HERMSOSO Y BRILLANTES SONIDOS TODA SOLIDA EN MADERA DAO','Dao','Cafe mate','\0JFIF\0\0\0\0\0\0\0\0	\r\r( \Z%!7!%)+...383,7(-.+\n\n\n\r,,,,+,,,+,,,,.,,,,,,.+,,,7,,,,,,,+777+++,+,7,++++,+\0\0\0\"\0\0\0\0\0\0\0\0\0\0\0\0\0\0\0\0\0>\0\n\0\0\0\0\0!1A\"24Qaqrs#3$BtRbCc%5\0\0\0\0\0\0\0\0\0\0\0\0\0\0\0 \0\0\0\0\0\0\0\0\0\01!A\"2#\0\0\0?\0(B^Wl(~ԋԹVr.oZhb۱I&)Sd&7FTJנ1466{j^K_sc\0\ZUo6>KĄ[`RWPii\Z{*t]飤i)V3d.i\0b̞=w6gD^N%K.I8AWR5|vV =Ҙװ1U1/cX:&\0^Rn25ुeiVBBrաﴏۑs]G`ca}\rJ֩RQPB5PgfL.>޹^ٿ\0\nI\\9❢_f.k?Tl=Wd\'{@mH[%ފFXetN驴IK.A&\nd/KZ:Eag/Z5IyxЭa!	!}?+\Z84P#ZR\0\rK>h!!rO*aM2%\\4\\1w]hGg\ruoʇn}+*}tmh4UxMF%N!j&8&M!w\'W6*kd!@B{>D~z0-бSG4\'<(\'\0d.O{6y\ZzD.IymrCӪSWM0iZJ,iHfQNHD)O)#(HBx&F*QΨ<E^-HB 3WG,cB߿8Y[m+\'<!E\n+M8d{Y .ތT|ëk][dn	\\jN\n9sr:iQ\rPւ+ݹiVbꟳFu::8[[uܑNHFHdDҞSHA777\'WuF*\\3!\0!@fЏX֭ÁՕҺNҜ\n>sZt[\rٰzxSW{g[\0{(Z+qR{{Wx1S7^d^\0: \ZnBjJZ,Hn W£oGc\rڒxjy$zGR\r6-s2״+F4Zb#ZxeR.ytv,N1\Z@#B;?,uEUVs+G‒U$&MUڤUy8T!@B#,-UҺLTM)dj\"g\':\Z\Z5뒖WUOhtd\ZV._<F]>LBZޗ9p4\n`eayГLre6ZZA\\>%\'נѽUxmh2\0	>s~W[_eڒCHͤRBFMiG+[>|Mtw44Őj8\Z\0n[ֿbY{ch K2ko,9}=]\no9`R2jERU%PMUڣQy8T!@B#$GCJ]t: S-V#kIKJfoτ7PH\0UY6SZ9\nϺ<c:@Ioް{rڼ,嵾&)F3:@;y^mK38w9oVm{IOi\r(@{)u0kqƴ&;V=c%eUϲPT\0\"rמo0wu]r0sAA\Zt+2W\'hc;tjgv-TaATITڤ%gToN\"UaB\0B~D~zô(Ɩx8r]t,ᅱ+勿eM熔1ךRnOKC\\aȏuL;ARvԊi:]XèΧT54iRh\r\0^6<j;Tayko-;2A:x3ؘpF׵`7tWgD?U;Ds0>)6GeKX]\"\\<E_,ulMVR\0!(`Y\"if#\\Y[kH\ZQބ-3n2xk;BSTN%e̈́TWml|9Foh\0{eZYLn9T0HFht\"uK.ԑZl͈75W\Z\\\0Tn07o~!<3b\ZK6CM@P\'j>Et\"zL\',&+JMV  !O*/ۑsV=Y[k6E(IHpG+pJƽssY]ɀ# HP[lyGsZ7j,p|YMUsyhȓ}?zq\03ֈIBi^J0nbB#KȄ*\"\"ع4uvs=Iԡ	B',4,1,2000000,0,8,1);
/*!40000 ALTER TABLE `producto` ENABLE KEYS */;
UNLOCK TABLES;

--
-- Table structure for table `proveedor`
--

DROP TABLE IF EXISTS `proveedor`;
/*!40101 SET @saved_cs_client     = @@character_set_client */;
/*!40101 SET character_set_client = utf8 */;
CREATE TABLE `proveedor` (
  `idProveedor` varchar(45) NOT NULL COMMENT 'Llave primaria compuesta de proveedor ',
  `tipoDeIdentificacion` varchar(20) NOT NULL COMMENT 'Llave primaria compuesta de proveedor',
  `nombre` varchar(200) NOT NULL COMMENT 'Nombre del proveedor',
  `telefono` varchar(20) NOT NULL COMMENT 'Teléfono del proveedor',
  `email` varchar(45) NOT NULL COMMENT 'Correo electrónico del proveedor',
  PRIMARY KEY (`idProveedor`,`tipoDeIdentificacion`)
) ENGINE=InnoDB DEFAULT CHARSET=utf8;
/*!40101 SET character_set_client = @saved_cs_client */;

--
-- Dumping data for table `proveedor`
--

LOCK TABLES `proveedor` WRITE;
/*!40000 ALTER TABLE `proveedor` DISABLE KEYS */;
INSERT INTO `proveedor` VALUES ('11119999','CC','Guitarras S.A','3214568522','carlangas@gmail.com'),('12345','NIT','Percusion S.A','5421578','Rafa@yahoo.es');
/*!40000 ALTER TABLE `proveedor` ENABLE KEYS */;
UNLOCK TABLES;

--
-- Table structure for table `usuario`
--

DROP TABLE IF EXISTS `usuario`;
/*!40101 SET @saved_cs_client     = @@character_set_client */;
/*!40101 SET character_set_client = utf8 */;
CREATE TABLE `usuario` (
  `idUsuario` varchar(20) NOT NULL COMMENT 'Llave primaria del usuario',
  `contrasena` varchar(45) NOT NULL COMMENT 'Contraseña del usuario',
  `rol` varchar(45) NOT NULL COMMENT 'Rol del Usuario',
  `estado` varchar(20) NOT NULL COMMENT 'Estado del usuario',
  PRIMARY KEY (`idUsuario`)
) ENGINE=InnoDB DEFAULT CHARSET=utf8;
/*!40101 SET character_set_client = @saved_cs_client */;

--
-- Dumping data for table `usuario`
--

LOCK TABLES `usuario` WRITE;
/*!40000 ALTER TABLE `usuario` DISABLE KEYS */;
INSERT INTO `usuario` VALUES ('ABernate','124579','Cliente','Activo'),('Dilana','9542157','Cliente','Activo'),('JhnAlx','7542681','Cliente','Activo'),('JhoanaP','5145615','Cliente','Activo'),('Nico','3105487652','Cliente','Activo');
/*!40000 ALTER TABLE `usuario` ENABLE KEYS */;
UNLOCK TABLES;
/*!40103 SET TIME_ZONE=@OLD_TIME_ZONE */;

/*!40101 SET SQL_MODE=@OLD_SQL_MODE */;
/*!40014 SET FOREIGN_KEY_CHECKS=@OLD_FOREIGN_KEY_CHECKS */;
/*!40014 SET UNIQUE_CHECKS=@OLD_UNIQUE_CHECKS */;
/*!40101 SET CHARACTER_SET_CLIENT=@OLD_CHARACTER_SET_CLIENT */;
/*!40101 SET CHARACTER_SET_RESULTS=@OLD_CHARACTER_SET_RESULTS */;
/*!40101 SET COLLATION_CONNECTION=@OLD_COLLATION_CONNECTION */;
/*!40111 SET SQL_NOTES=@OLD_SQL_NOTES */;

-- Dump completed on 2015-02-24 10:17:04
